metacritic_filled,has_metacritic,release_year,release_month,num_publishers,num_developers,games_count,avg_days_to_epic,publisher_speed_score,primary_publisher,timing_category,publisher_encoded,target_encoded
82.8,0,2022,3,2,1,9,1506.0,0.24236387782204513,2K Games,More than 12 months,1,1
88.0,1,2010,7,3,3,10,2989.5,0.12209399565144673,Microsoft Studios,As Good as Never,127,0
79.0,1,2022,2,3,1,2,1128.0,0.3235815602836879,Microids,More than 12 months,126,1
69.0,0,2021,7,1,2,5,1159.6,0.3147637116246982,Headup Games,More than 12 months,91,1
81.0,0,2021,10,1,1,3,2882.33,0.12663366096179132,Amanita Design,More than 12 months,13,1
75.0,1,2023,4,1,1,12,1971.5,0.18513821962972357,Deep Silver,More than 12 months,48,1
80.0,1,2022,4,3,1,10,2989.5,0.12209399565144673,Microsoft Studios,More than 12 months,127,1
77.7032967032967,0,2023,8,1,1,1,636.0,0.5738993710691824,GrahamOfLegend,More than 12 months,87,1
80.0,1,2018,3,1,1,3,2882.33,0.12663366096179132,Amanita Design,As Good as Never,13,0
77.7032967032967,0,2017,5,1,1,1,2894.0,0.12612301313061505,Cabbibo,As Good as Never,37,0
77.7032967032967,0,2013,8,2,1,2,4098.5,0.08905697206294987,Sekai Project,As Good as Never,179,0
82.0,1,2012,4,1,1,3,2882.33,0.12663366096179132,Amanita Design,As Good as Never,13,0
77.7032967032967,0,2019,9,4,1,1,2045.0,0.17848410757946212,Arc System Works,As Good as Never,18,0
77.7032967032967,0,2017,9,1,1,4,2171.75,0.1680672268907563,Codename Entertainment,As Good as Never,42,0
75.29,0,1999,1,3,1,20,1636.6,0.22302334107295615,Team17 Digital,As Good as Never,206,0
77.0,1,2019,9,2,2,4,2206.25,0.16543909348441926,PQube,As Good as Never,151,0
77.7032967032967,0,2019,10,1,1,1,1994.0,0.18304914744232698,Burgos Games,As Good as Never,34,0
77.0,1,2017,8,2,3,4,2206.25,0.16543909348441926,PQube,As Good as Never,151,0
75.5,0,2021,11,1,1,4,1105.75,0.33009269726430024,Frontier Developments,More than 12 months,74,1
82.0,1,2019,4,0,1,15,1055.47,0.34581750310288306,Unknown,As Good as Never,230,0
75.0,1,2020,8,1,2,2,1265.0,0.2885375494071146,PlayStack,More than 12 months,157,1
82.0,1,2020,4,2,1,4,1498.25,0.24361755381278158,Humble Bundle,More than 12 months,95,1
75.0,1,2017,5,1,1,2,2264.0,0.16121908127208479,Borealys Games,As Good as Never,33,0
70.5,0,2021,9,1,1,7,569.86,0.640508194995262,Saber Interactive,More than 12 months,176,1
77.7032967032967,0,2021,8,1,1,1,1289.0,0.2831652443754849,Picogram,More than 12 months,156,1
75.5,0,2024,7,1,1,4,1105.75,0.33009269726430024,Frontier Developments,Next 12 months,74,2
78.29,0,2021,10,1,1,9,2235.33,0.16328685250052566,Electronic Arts,More than 12 months,59,1
72.0,1,2020,6,1,1,4,2094.0,0.17430754536771728,E-Line Media,More than 12 months,57,1
77.7032967032967,0,2021,10,1,1,1,1199.0,0.3044203502919099,Vanimals,More than 12 months,234,1
77.7032967032967,0,2021,8,2,2,5,714.0,0.511204481792717,Akupara Games,More than 12 months,10,1
69.0,0,2022,7,2,1,5,510.2,0.715405723245786,Skybound Games,More than 12 months,183,1
73.0,1,2016,6,5,3,2,2815.5,0.12963949564908542,Plug In Digital,As Good as Never,160,0
77.0,1,2019,6,1,1,20,1636.6,0.22302334107295615,Team17 Digital,As Good as Never,206,0
71.0,1,2018,2,1,2,2,1622.0,0.2250308261405672,Warhorse Studios,As Good as Never,240,0
79.0,1,2022,2,3,1,2,1128.0,0.3235815602836879,Microids,More than 12 months,126,1
76.0,0,2021,3,0,1,15,1055.47,0.34581750310288306,Unknown,More than 12 months,230,1
77.7032967032967,0,2020,7,1,1,2,1509.5,0.24180192116594898,Robot Entertainment,More than 12 months,170,1
74.0,1,2021,9,1,1,2,1726.5,0.2114103677961193,Milestone,More than 12 months,131,1
83.11,0,2023,10,1,1,10,1408.7,0.25910413856747355,505 Games,Next 12 months,3,2
84.0,1,2019,8,1,2,10,1408.7,0.25910413856747355,505 Games,As Good as Never,3,0
75.29,0,2023,3,1,1,20,1636.6,0.22302334107295615,Team17 Digital,More than 12 months,206,1
77.7032967032967,0,2019,5,1,1,1,2049.0,0.17813567593948268,Auroch Digital,As Good as Never,25,0
77.0,1,2018,5,2,2,4,1498.25,0.24361755381278158,Humble Bundle,As Good as Never,95,0
77.7032967032967,0,2015,2,2,1,1,3606.0,0.1012201885745979,Payload Studios,As Good as Never,154,0
77.7032967032967,0,2023,9,1,1,5,714.0,0.511204481792717,Akupara Games,Next 12 months,10,2
77.7032967032967,0,2022,10,1,1,1,791.0,0.4614412136536031,poncle,More than 12 months,250,1
77.7032967032967,0,2023,10,1,1,1,415.0,0.8795180722891566,North Beach Games,Next 12 months,147,2
80.0,1,2022,4,3,1,10,2989.5,0.12209399565144673,Microsoft Studios,More than 12 months,127,1
74.0,0,2021,9,1,1,3,1748.67,0.20873006341962747,Astragon Entertainment,More than 12 months,23,1
77.7032967032967,0,2022,9,1,1,1,793.0,0.46027742749054223,Blobfish,More than 12 months,31,1
75.0,1,2016,11,4,2,1,2935.0,0.12436115843270867,Alawar Entertainment,As Good as Never,11,0
76.0,0,2023,12,0,1,15,1055.47,0.34581750310288306,Unknown,Next 12 months,230,2
78.0,1,2019,5,1,1,3,1424.33,0.2562608384292966,Konami,As Good as Never,112,0
77.7032967032967,0,2023,3,1,1,1,597.0,0.6113902847571189,Sweet Bandits Studios,More than 12 months,198,1
80.0,1,2019,2,1,1,9,2235.33,0.16328685250052566,Electronic Arts,As Good as Never,59,0
78.0,1,2022,3,1,1,19,3934.05,0.0927797053926615,Bethesda Softworks,More than 12 months,29,1
78.5,0,2017,5,2,1,13,1162.0,0.31411359724612736,Daedalic Entertainment,As Good as Never,46,0
77.0,1,2020,4,1,2,20,1636.6,0.22302334107295615,Team17 Digital,More than 12 months,206,1
77.7032967032967,0,2022,2,1,3,5,714.0,0.511204481792717,Akupara Games,More than 12 months,10,1
69.0,0,2023,11,1,1,5,510.2,0.715405723245786,Skybound Games,Next 12 months,183,2
77.7032967032967,0,2023,7,1,1,1,450.0,0.8111111111111111,GBROSSOFT,Next 12 months,78,2
77.7032967032967,0,2015,8,1,1,1,3354.0,0.10882528324388789,Eleon Game Studios,As Good as Never,60,0
72.0,1,2022,7,1,1,3,703.67,0.5187090539599528,Armor Games Studios,More than 12 months,20,1
72.0,0,2022,9,1,1,3,703.67,0.5187090539599528,Armor Games Studios,More than 12 months,20,1
77.7032967032967,0,2021,11,2,1,1,1038.0,0.3516377649325626,Armor Games,More than 12 months,19,1
79.0,1,2021,9,1,1,1,1099.0,0.3321201091901729,Something We Made,More than 12 months,188,1
78.0,0,2023,11,1,1,3,1424.33,0.2562608384292966,Konami,Next 12 months,112,2
77.7032967032967,0,2024,9,1,2,1,2.0,182.5,The MIX Games,Within 6 months,215,3
57.0,1,2019,11,1,1,1,1750.0,0.20857142857142857,CI Games,More than 12 months,36,1
82.0,0,2023,11,1,1,7,1205.14,0.30286937617206294,SEGA,Next 12 months,173,2
70.5,0,2023,10,1,1,7,569.86,0.640508194995262,Saber Interactive,Next 12 months,176,2
78.0,0,2019,4,1,1,3,1424.33,0.2562608384292966,Konami,As Good as Never,112,0
69.0,1,2022,12,2,1,5,510.2,0.715405723245786,Skybound Games,More than 12 months,183,1
77.7032967032967,0,2024,4,1,1,1,135.0,2.7037037037037037,Arc Games,Within 6 months,17,3
77.7032967032967,0,2022,10,1,1,3,108.67,3.358792675071317,Wargaming,More than 12 months,239,1
72.0,0,2021,9,1,1,2,1186.0,0.3077571669477234,Adult Swim Games,More than 12 months,9,1
77.7032967032967,0,2022,6,2,4,2,656.0,0.5564024390243902,Nexon,More than 12 months,140,1
80.0,1,2019,2,1,1,9,2235.33,0.16328685250052566,Electronic Arts,As Good as Never,59,0
76.0,0,2020,8,0,1,15,1055.47,0.34581750310288306,Unknown,More than 12 months,230,1
76.0,1,2021,9,1,1,2,763.5,0.4780615586116569,bilibili,More than 12 months,249,1
78.29,0,2008,11,1,1,9,2235.33,0.16328685250052566,Electronic Arts,As Good as Never,59,0
64.0,1,2020,7,1,1,1,1451.0,0.25155065472088217,Wales Interactive,More than 12 months,238,1
65.5,0,2022,8,1,1,3,794.0,0.45969773299748107,Wired Productions,More than 12 months,243,1
76.0,1,2022,5,1,1,1,779.0,0.4685494223363286,Those Awesome Guys,More than 12 months,221,1
65.0,1,2020,11,1,1,3,794.0,0.45969773299748107,Wired Productions,More than 12 months,243,1
87.0,1,2017,8,1,1,2,2352.5,0.15515409139213604,Failbetter Games,As Good as Never,64,0
61.0,0,2015,3,2,1,2,2218.0,0.16456266907123535,Merge Games,As Good as Never,123,0
77.7032967032967,0,2019,3,1,4,2,1154.5,0.31615417929839756,The Quantum Astrophysicists Guild,As Good as Never,216,0
70.5,0,2022,6,1,1,7,569.86,0.640508194995262,Saber Interactive,More than 12 months,176,1
77.7032967032967,0,2017,9,1,1,4,2171.75,0.1680672268907563,Codename Entertainment,As Good as Never,42,0
82.8,0,2022,12,1,1,9,1506.0,0.24236387782204513,2K Games,More than 12 months,1,1
78.0,1,2021,6,3,1,12,1971.5,0.18513821962972357,Deep Silver,More than 12 months,48,1
77.7032967032967,0,2021,11,1,1,1,913.0,0.39978094194961666,Giants Software,More than 12 months,84,1
86.0,1,2014,11,1,2,9,2235.33,0.16328685250052566,Electronic Arts,As Good as Never,59,0
77.7032967032967,0,2013,8,2,1,2,4098.5,0.08905697206294987,Sekai Project,As Good as Never,179,0
70.5,0,2022,9,1,1,7,569.86,0.640508194995262,Saber Interactive,More than 12 months,176,1
77.7032967032967,0,2020,7,1,1,2,1509.5,0.24180192116594898,Robot Entertainment,More than 12 months,170,1
77.0,1,2019,9,2,2,4,2206.25,0.16543909348441926,PQube,More than 12 months,151,1
78.0,1,2014,12,2,2,3,2199.33,0.16595963316100812,Serenity Forge,As Good as Never,180,0
66.0,1,2021,9,2,1,5,1159.6,0.3147637116246982,Headup Games,More than 12 months,91,1
77.7032967032967,0,2023,5,1,1,1,328.0,1.1128048780487805,BlankMediaGames,Next 12 months,30,2
76.0,1,2021,8,1,1,1,961.0,0.3798126951092612,Mighty Yell,More than 12 months,130,1
77.7032967032967,0,2020,10,1,3,3,965.67,0.3779759130966065,All in! Games,More than 12 months,12,1
70.0,1,2014,2,1,3,10,1992.0,0.18323293172690763,Square Enix,As Good as Never,192,0
88.0,0,2023,3,1,2,3,1166.0,0.3130360205831904,Private Division,Next 12 months,163,2
72.0,0,2022,8,1,1,3,703.67,0.5187090539599528,Armor Games Studios,More than 12 months,20,1
69.0,0,2023,11,1,1,5,510.2,0.715405723245786,Skybound Games,Within 6 months,183,3
77.7032967032967,0,2022,8,1,1,1,568.0,0.6426056338028169,Expansive Worlds,More than 12 months,62,1
74.0,1,2013,2,2,3,2,3283.0,0.11117879987816022,Midnight City,As Good as Never,129,0
83.0,1,2016,8,2,1,10,1992.0,0.18323293172690763,Square Enix,As Good as Never,192,0
77.7032967032967,0,2024,3,1,1,1,0.0,182.5,Wild Rooster,Within 6 months,242,3
70.0,1,2021,5,0,0,15,1055.47,0.34581750310288306,Unknown,More than 12 months,230,1
68.0,1,2020,12,2,3,1,1156.0,0.3157439446366782,Thunderful Publishing,More than 12 months,223,1
70.5,0,2022,10,1,2,7,569.86,0.640508194995262,Saber Interactive,Next 12 months,176,2
77.7032967032967,0,2016,8,3,1,1,2717.0,0.13433934486566065,X.D. Network,As Good as Never,244,0
68.5,0,2021,6,1,1,3,2199.33,0.16595963316100812,Serenity Forge,More than 12 months,180,1
77.7032967032967,0,2021,9,2,2,1,857.0,0.4259043173862311,Snapbreak Games,More than 12 months,185,1
77.7032967032967,0,2015,6,1,1,1,3132.0,0.1165389527458493,Zachtronics,As Good as Never,245,0
77.7032967032967,0,2014,2,2,1,1,3632.0,0.10049559471365639,Mokuzai Studio,As Good as Never,135,0
77.7032967032967,0,2022,12,2,2,2,1154.5,0.31615417929839756,The Quantum Astrophysicists Guild,Next 12 months,216,2
81.29,0,2021,10,1,1,10,1992.0,0.18323293172690763,Square Enix,More than 12 months,192,1
82.0,1,2019,5,1,2,9,1143.89,0.3190866254622385,Focus Home Interactive,More than 12 months,70,1
77.7032967032967,0,2023,6,3,2,1,210.0,1.7380952380952381,Erabit,Next 12 months,61,2
69.0,0,2022,7,2,1,5,510.2,0.715405723245786,Skybound Games,Next 12 months,183,2
77.7032967032967,0,2020,10,1,3,3,965.67,0.3779759130966065,All in! Games,More than 12 months,12,1
81.0,1,2006,8,2,1,12,1971.5,0.18513821962972357,Deep Silver,As Good as Never,48,0
76.0,0,2023,12,0,1,15,1055.47,0.34581750310288306,Unknown,Within 6 months,230,3
77.0,1,2017,8,2,3,4,2206.25,0.16543909348441926,PQube,As Good as Never,151,0
76.0,0,2020,7,0,1,15,1055.47,0.34581750310288306,Unknown,More than 12 months,230,1
78.0,1,2015,10,2,2,4,2431.25,0.15012853470437018,Tomorrow,As Good as Never,224,0
88.0,0,2023,3,1,2,3,1166.0,0.3130360205831904,Private Division,Next 12 months,163,2
78.0,1,2022,3,1,1,19,3934.05,0.0927797053926615,Bethesda Softworks,More than 12 months,29,1
91.0,1,2009,10,1,1,19,3934.05,0.0927797053926615,Bethesda Softworks,As Good as Never,29,0
78.0,1,2020,9,1,1,1,1185.0,0.3080168776371308,Funselektor Labs,More than 12 months,77,1
77.7032967032967,0,2020,6,2,2,1,1276.0,0.28605015673981193,Games by Malcs,More than 12 months,82,1
77.7032967032967,0,2022,6,2,4,2,656.0,0.5564024390243902,Nexon,Next 12 months,140,2
84.0,1,2018,9,1,1,1,1926.0,0.18951194184839043,Activision Blizzard,As Good as Never,8,0
77.7032967032967,0,2022,8,1,1,1,489.0,0.7464212678936606,Passion Republic Games,Next 12 months,153,2
77.7032967032967,0,2021,2,1,1,1,1008.0,0.3621031746031746,Komi Games,More than 12 months,111,1
77.7032967032967,0,2021,2,1,2,1,1015.0,0.35960591133004927,Tanuki Creative Studio,More than 12 months,203,1
77.7032967032967,0,2023,2,1,1,1,294.0,1.2414965986394557,Frontier Foundry,Next 12 months,75,2
82.33,0,2021,11,1,2,9,1811.0,0.20154610712313636,Paradox Interactive,More than 12 months,152,1
77.7032967032967,0,2016,9,1,2,1,2632.0,0.138677811550152,Snowcastle Games,As Good as Never,186,0
78.0,0,2022,3,2,1,2,672.5,0.5427509293680297,HypeTrain Digital,More than 12 months,97,1
74.0,1,2021,4,1,2,1,924.0,0.39502164502164505,Graffiti Games,More than 12 months,86,1
82.0,1,2017,10,1,2,19,3934.05,0.0927797053926615,Bethesda Softworks,As Good as Never,29,0
77.7032967032967,0,2021,10,1,1,2,777.5,0.4694533762057878,Hatinh Interactive,More than 12 months,90,1
68.0,1,2014,10,1,2,19,3934.05,0.0927797053926615,Bethesda Softworks,As Good as Never,29,0
77.7032967032967,0,2022,5,1,1,1,518.0,0.7046332046332047,Secret Mode,Next 12 months,178,2
77.7032967032967,0,2014,5,4,3,1,3431.0,0.10638297872340426,Kiss,As Good as Never,108,0
78.5,0,2022,4,1,1,13,1162.0,0.31411359724612736,Daedalic Entertainment,Next 12 months,46,2
73.5,0,2022,9,1,1,3,254.33,1.4351433177367987,Modus Games,Next 12 months,134,2
77.7032967032967,0,2022,2,1,1,1,597.0,0.6113902847571189,Moonlit,More than 12 months,138,1
77.7032967032967,0,2022,12,1,1,1,287.0,1.2717770034843205,Bedtime Digital Games,Next 12 months,28,2
77.7032967032967,0,2021,6,1,1,2,777.5,0.4694533762057878,Hatinh Interactive,More than 12 months,90,1
68.0,1,2017,2,3,3,1,2393.0,0.1525282072712077,Games Operators,As Good as Never,81,0
77.7032967032967,0,2019,9,1,1,1,1454.0,0.25103163686382396,Free Range Games,More than 12 months,71,1
83.0,1,2010,3,1,2,4,2920.5,0.12497859955487074,Nicalis,As Good as Never,141,0
79.0,1,2016,1,1,2,1,2774.0,0.13157894736842105,Gearbox Software,As Good as Never,83,0
76.0,0,2019,9,0,0,15,1055.47,0.34581750310288306,Unknown,More than 12 months,230,1
78.0,1,2021,8,2,1,2,672.5,0.5427509293680297,HypeTrain Digital,More than 12 months,97,1
77.0,1,2016,10,2,2,1,2478.0,0.1472962066182405,Fellow Traveller,As Good as Never,65,0
87.0,1,2013,8,1,2,9,1811.0,0.20154610712313636,Paradox Interactive,As Good as Never,152,0
83.0,1,2021,3,1,1,13,812.15,0.4494243674198116,Devolver Digital,More than 12 months,50,1
77.7032967032967,0,2018,6,2,2,2,1760.5,0.20732746378869638,Ninja Kiwi,As Good as Never,143,0
74.0,0,2021,9,2,1,3,1178.0,0.30984719864176574,Digerati,More than 12 months,51,1
86.0,1,2015,2,2,2,7,1816.71,0.20091263878109328,Aspyr,As Good as Never,22,0
71.0,1,2014,4,1,2,19,3934.05,0.0927797053926615,Bethesda Softworks,As Good as Never,29,0
77.7032967032967,0,2020,3,1,1,2,1261.0,0.2894528152260111,Irregular,More than 12 months,102,1
77.7032967032967,0,2019,4,1,3,1,1551.0,0.23533204384268214,Flazm,More than 12 months,68,1
77.7032967032967,0,2021,8,2,2,5,714.0,0.511204481792717,Akupara Games,More than 12 months,10,1
77.7032967032967,0,2020,9,1,2,1,1015.0,0.35960591133004927,Dear Villagers,More than 12 months,47,1
74.0,1,2017,2,2,1,3,1748.67,0.20873006341962747,Astragon Entertainment,As Good as Never,23,0
77.7032967032967,0,2017,9,1,1,4,2171.75,0.1680672268907563,Codename Entertainment,As Good as Never,42,0
85.0,1,2018,8,1,1,2,2515.5,0.1451003776585172,DrinkBox Studios,More than 12 months,56,1
86.0,1,2014,7,1,2,2,2515.5,0.1451003776585172,DrinkBox Studios,As Good as Never,56,0
79.0,1,2013,8,2,2,10,1408.7,0.25910413856747355,505 Games,As Good as Never,3,0
77.7032967032967,0,2022,3,1,1,1,427.0,0.8548009367681499,Mellowsoft,Next 12 months,122,2
79.82,0,2012,2,1,1,19,3934.05,0.0927797053926615,Bethesda Softworks,As Good as Never,29,0
84.0,1,2019,11,2,1,2,1215.0,0.3004115226337449,Sony Interactive Entertainment,More than 12 months,190,1
67.0,1,2014,9,1,2,9,2235.33,0.16328685250052566,Electronic Arts,As Good as Never,59,0
77.7032967032967,0,2000,1,4,2,1,8524.0,0.04282027217268888,Tate Multimedia,As Good as Never,204,0
78.0,1,2018,5,2,1,3,1542.33,0.23665493117555908,AQUIRIS,More than 12 months,6,1
76.0,0,2016,7,0,1,15,1055.47,0.34581750310288306,Unknown,As Good as Never,230,0
66.0,1,2021,2,1,1,1,791.0,0.4614412136536031,RedRuins Softworks,More than 12 months,167,1
70.0,1,2014,11,1,1,4,2094.0,0.17430754536771728,E-Line Media,As Good as Never,57,0
72.0,1,2020,6,1,1,4,2094.0,0.17430754536771728,E-Line Media,More than 12 months,57,1
77.7032967032967,0,2022,10,1,1,2,-64.0,-5.703125,Systemic Reaction,Within 6 months,199,3
81.0,1,2019,4,1,1,1,1445.0,0.25259515570934254,Triternion,More than 12 months,227,1
77.7032967032967,0,2020,6,1,1,1,1034.0,0.3529980657640232,Prismatika,More than 12 months,162,1
87.0,1,2015,1,2,1,2,1741.0,0.2096496266513498,Techland Publishing,As Good as Never,207,0
77.7032967032967,0,2021,11,1,1,1,513.0,0.7115009746588693,LEAP Game Studios,Next 12 months,115,2
84.0,1,2012,12,2,1,1,3766.0,0.0969198088157196,Meridian4,As Good as Never,124,0
77.7032967032967,0,2022,10,1,1,3,108.67,3.358792675071317,Wargaming,Within 6 months,239,3
81.0,1,2017,6,1,1,4,1994.75,0.18298032334879055,Ripstone,As Good as Never,169,0
71.0,1,2018,7,1,1,1,1709.0,0.21357519016968987,Slitherine,More than 12 months,184,1
77.0,1,2020,12,1,2,8,1109.0,0.3291253381424707,Raw Fury,More than 12 months,165,1
62.0,1,2018,2,1,1,2,1194.5,0.3055671829217246,Kasedo Games,As Good as Never,107,0
83.0,1,2016,5,1,1,1,2473.0,0.1475940153659523,Misfits Attic,As Good as Never,133,0
78.5,0,2021,4,1,1,13,1162.0,0.31411359724612736,Daedalic Entertainment,More than 12 months,46,1
76.0,0,2018,4,0,1,15,1055.47,0.34581750310288306,Unknown,More than 12 months,230,1
83.0,1,2017,9,1,2,19,3934.05,0.0927797053926615,Bethesda Softworks,As Good as Never,29,0
62.0,0,2021,8,1,2,2,1194.5,0.3055671829217246,Kasedo Games,Next 12 months,107,2
77.7032967032967,0,2022,10,1,2,1,98.0,3.7244897959183674,A List Games,Within 6 months,5,3
78.0,1,2021,3,1,1,1,680.0,0.5367647058823529,Mischief,More than 12 months,132,1
74.0,1,2016,3,2,2,2,2815.5,0.12963949564908542,Plug In Digital,As Good as Never,160,0
77.7032967032967,0,2014,9,1,1,1,3033.0,0.120342894823607,Zen Studios,As Good as Never,246,0
77.7032967032967,0,2021,11,1,1,1,436.0,0.8371559633027523,TBA,Next 12 months,200,2
77.7032967032967,0,2022,12,1,1,3,1095.67,0.3331295006708224,Hi-Rez Studios,Within 6 months,92,3
78.5,0,2021,12,1,1,13,1162.0,0.31411359724612736,Daedalic Entertainment,Next 12 months,46,2
88.0,1,2015,4,2,1,3,1166.0,0.3130360205831904,Private Division,As Good as Never,163,0
53.0,1,2021,3,1,1,1,653.0,0.55895865237366,TheGameWall Studios,More than 12 months,217,1
78.0,1,2015,8,1,1,19,3934.05,0.0927797053926615,Bethesda Softworks,As Good as Never,29,0
75.0,1,2020,8,1,2,2,1265.0,0.2885375494071146,PlayStack,More than 12 months,157,1
74.0,0,2021,9,2,1,3,1178.0,0.30984719864176574,Digerati,Next 12 months,51,2
76.0,1,2021,9,1,1,2,763.5,0.4780615586116569,bilibili,Next 12 months,249,2
84.0,1,2019,11,2,1,2,1215.0,0.3004115226337449,Sony Interactive Entertainment,More than 12 months,190,1
76.0,1,2014,8,3,3,12,1971.5,0.18513821962972357,Deep Silver,As Good as Never,48,0
73.0,1,2021,9,2,1,1,472.0,0.7733050847457626,Prime Matter,Next 12 months,161,2
82.0,1,2001,3,2,1,19,3934.05,0.0927797053926615,Bethesda Softworks,As Good as Never,29,0
86.0,1,1998,9,2,1,19,3934.05,0.0927797053926615,Bethesda Softworks,As Good as Never,29,0
79.82,0,1997,9,3,2,19,3934.05,0.0927797053926615,Bethesda Softworks,As Good as Never,29,0
78.0,1,2019,12,1,1,1,1098.0,0.3324225865209472,LEGO® Games,More than 12 months,116,1
81.0,1,2014,5,1,2,19,3934.05,0.0927797053926615,Bethesda Softworks,As Good as Never,29,0
82.0,1,2020,4,2,1,4,1498.25,0.24361755381278158,Humble Bundle,More than 12 months,95,1
74.0,1,2021,9,1,1,8,1109.0,0.3291253381424707,Raw Fury,Next 12 months,165,2
68.0,1,2014,10,2,2,2,2601.0,0.14033064206074586,Majesco Entertainment,As Good as Never,119,0
78.0,1,2018,5,2,1,3,1542.33,0.23665493117555908,AQUIRIS,More than 12 months,6,1
77.7032967032967,0,2018,6,2,2,2,1760.5,0.20732746378869638,Ninja Kiwi,More than 12 months,143,1
78.5,0,2022,5,1,1,13,1162.0,0.31411359724612736,Daedalic Entertainment,Next 12 months,46,2
73.0,1,2013,8,2,2,12,1971.5,0.18513821962972357,Deep Silver,As Good as Never,48,0
77.7032967032967,0,2021,8,2,2,3,965.67,0.3779759130966065,All in! Games,Next 12 months,12,2
79.0,1,2020,10,1,2,9,2235.33,0.16328685250052566,Electronic Arts,More than 12 months,59,1
73.0,1,2022,5,3,1,7,569.86,0.640508194995262,Saber Interactive,Next 12 months,176,2
77.7032967032967,0,2021,6,1,1,1,520.0,0.701923076923077,Freedom Games,Next 12 months,72,2
76.0,0,2018,11,0,1,15,1055.47,0.34581750310288306,Unknown,More than 12 months,230,1
85.0,1,2016,12,1,2,13,1162.0,0.31411359724612736,Daedalic Entertainment,As Good as Never,46,0
81.0,1,2020,12,1,1,1,699.0,0.5221745350500715,ustwo games,More than 12 months,252,1
81.0,1,2017,5,2,2,5,1468.8,0.24850217864923746,Tripwire Interactive,As Good as Never,226,0
77.7032967032967,0,2020,4,2,1,1,925.0,0.3945945945945946,Maple Whispering,More than 12 months,120,1
74.0,1,2018,11,2,1,4,1482.0,0.24628879892037783,Kalypso Media,More than 12 months,106,1
63.0,0,2022,10,1,1,2,652.0,0.5598159509202454,Santa Ragione,Within 6 months,177,3
91.0,1,2009,10,1,1,19,3934.05,0.0927797053926615,Bethesda Softworks,As Good as Never,29,0
66.0,1,2019,2,1,1,1,1351.0,0.27017024426350855,Shiro Games,More than 12 months,181,1
72.0,1,2019,3,3,2,2,1186.0,0.3077571669477234,Adult Swim Games,More than 12 months,9,1
78.0,1,2017,8,2,2,1,1883.0,0.1938396176314392,Crunching Koalas,As Good as Never,43,0
74.0,1,2016,3,2,4,3,1178.0,0.30984719864176574,Digerati,As Good as Never,51,0
77.7032967032967,0,2021,5,3,1,1,506.0,0.7213438735177865,Another Indie,Next 12 months,16,2
77.7032967032967,0,2017,6,1,1,1,1924.0,0.1897089397089397,The Drone Racing League,As Good as Never,213,0
69.0,0,2015,8,2,2,5,1159.6,0.3147637116246982,Headup Games,As Good as Never,91,0
82.0,1,2019,7,1,1,4,1655.0,0.22054380664652568,Asmodee Digital,More than 12 months,21,1
70.0,1,2015,6,3,5,2,2252.5,0.16204217536071033,Studio Wildcard,As Good as Never,194,0
78.67,0,2021,12,2,1,4,2431.25,0.15012853470437018,Tomorrow,Next 12 months,224,2
61.0,1,2019,11,1,1,2,2218.0,0.16456266907123535,Merge Games,More than 12 months,123,1
77.7032967032967,0,2018,6,1,1,3,1095.67,0.3331295006708224,Hi-Rez Studios,More than 12 months,92,1
77.7032967032967,0,2021,5,2,2,1,484.0,0.7541322314049587,Nuverse,Next 12 months,148,2
77.7032967032967,0,2020,12,1,1,3,818.33,0.44603033006244425,Uppercut Games,More than 12 months,232,1
81.29,0,2019,11,1,1,10,1992.0,0.18323293172690763,Square Enix,More than 12 months,192,1
82.0,1,2021,5,1,1,9,2235.33,0.16328685250052566,Electronic Arts,Next 12 months,59,2
78.0,0,2020,10,2,2,2,747.0,0.4886211512717537,Humble Games,More than 12 months,96,1
74.0,0,2016,6,1,1,2,1726.5,0.2114103677961193,Milestone,As Good as Never,131,0
77.7032967032967,0,2017,7,2,2,1,1866.0,0.19560557341907825,EHTechnology,As Good as Never,58,0
76.0,1,1997,3,4,4,19,3934.05,0.0927797053926615,Bethesda Softworks,As Good as Never,29,0
77.7032967032967,0,2020,1,1,2,1,926.0,0.3941684665226782,Vertigo Gaming,More than 12 months,236,1
73.0,1,2020,9,1,1,13,1162.0,0.31411359724612736,Daedalic Entertainment,More than 12 months,46,1
78.33,0,2021,8,2,2,5,770.8,0.47353399065905555,Curve Digital,Next 12 months,44,2
70.0,0,2019,2,2,2,2,1765.5,0.20674030019824413,M2H,More than 12 months,118,1
77.7032967032967,0,2019,3,1,1,1,1235.0,0.2955465587044534,Kabam Games,More than 12 months,105,1
77.7032967032967,0,2017,4,1,2,1,1913.0,0.19079979090433874,DotEmu,As Good as Never,52,0
75.0,1,2016,11,2,1,5,1468.8,0.24850217864923746,Tripwire Interactive,As Good as Never,226,0
77.7032967032967,0,2021,1,1,1,1,534.0,0.6835205992509363,Grey Alien Games,Next 12 months,88,2
78.0,1,2018,7,2,2,13,1162.0,0.31411359724612736,Daedalic Entertainment,More than 12 months,46,1
64.0,1,2021,5,1,1,9,1143.89,0.3190866254622385,Focus Home Interactive,Next 12 months,70,2
77.7032967032967,0,2021,2,1,1,1,491.0,0.7433808553971487,Spiderweb Software,Next 12 months,191,2
77.7032967032967,0,2017,7,1,1,1,1791.0,0.2037967615857063,PlayWay,More than 12 months,158,1
72.5,0,2020,10,1,1,4,1655.0,0.22054380664652568,Asmodee Digital,More than 12 months,21,1
84.0,1,2019,4,1,1,1,1168.0,0.3125,Supra Games,More than 12 months,197,1
68.0,1,2020,5,2,1,5,1468.8,0.24850217864923746,Tripwire Interactive,More than 12 months,226,1
81.0,1,2014,5,1,2,19,3934.05,0.0927797053926615,Bethesda Softworks,As Good as Never,29,0
83.0,1,2016,9,2,3,9,1506.0,0.24236387782204513,2K Games,As Good as Never,1,0
83.0,1,2019,9,2,2,9,1506.0,0.24236387782204513,2K Games,More than 12 months,1,1
81.0,1,2016,9,3,2,4,2920.5,0.12497859955487074,Nicalis,As Good as Never,141,0
80.0,1,2017,5,1,1,19,3934.05,0.0927797053926615,Bethesda Softworks,As Good as Never,29,0
79.0,1,2015,9,1,2,2,1973.0,0.1849974657881399,Thunder Lotus Games,As Good as Never,222,0
72.5,0,2018,10,1,2,4,1655.0,0.22054380664652568,Asmodee Digital,More than 12 months,21,1
86.0,1,2017,4,1,1,1,1850.0,0.1972972972972973,Jacob Janerka,As Good as Never,104,0
78.33,0,2021,5,2,1,5,770.8,0.47353399065905555,Curve Digital,Next 12 months,44,2
77.7032967032967,0,2019,6,1,1,1,1047.0,0.34861509073543456,Cococucumber,More than 12 months,41,1
78.0,1,2020,10,1,1,4,2041.0,0.1788339049485546,Frictional Games,More than 12 months,73,1
88.0,1,2016,2,2,3,9,1506.0,0.24236387782204513,2K Games,As Good as Never,1,0
78.5,0,2021,4,2,1,13,1162.0,0.31411359724612736,Daedalic Entertainment,Next 12 months,46,2
85.0,1,2013,6,2,3,1,3206.0,0.11384903306300687,8-4,As Good as Never,4,0
80.0,1,2015,7,1,1,2,2403.5,0.15186186810900767,The Astronauts,As Good as Never,212,0
86.0,1,2016,5,2,2,7,1205.14,0.30286937617206294,SEGA,As Good as Never,173,0
77.7032967032967,0,2018,5,1,1,3,818.33,0.44603033006244425,Uppercut Games,More than 12 months,232,1
77.7032967032967,0,2019,12,1,2,1,839.0,0.435041716328963,FLARB,More than 12 months,63,1
74.0,1,2021,9,2,1,3,254.33,1.4351433177367987,Modus Games,Within 6 months,134,3
85.0,1,2015,3,1,1,9,1811.0,0.20154610712313636,Paradox Interactive,As Good as Never,152,0
77.7032967032967,0,2021,9,1,2,2,141.5,2.5795053003533566,Atari,Within 6 months,24,3
77.7032967032967,0,2021,10,1,2,2,141.5,2.5795053003533566,Atari,Within 6 months,24,3
78.0,1,2019,5,2,3,1,1017.0,0.35889872173058013,INFORMATION SOLUTIONS GROUP,More than 12 months,98,1
73.0,1,2021,7,1,2,3,254.33,1.4351433177367987,Modus Games,Next 12 months,134,2
90.0,1,2013,8,2,2,10,1408.7,0.25910413856747355,505 Games,As Good as Never,3,0
63.0,1,2020,8,1,1,12,1971.5,0.18513821962972357,Deep Silver,Next 12 months,48,2
82.0,1,2019,10,1,2,20,1636.6,0.22302334107295615,Team17 Digital,More than 12 months,206,1
70.0,1,2019,9,4,1,1,867.0,0.42099192618223763,Nintendo,More than 12 months,144,1
74.0,1,2020,8,2,1,1,535.0,0.6822429906542056,Ravenscourt,Next 12 months,164,2
81.0,1,2015,5,1,1,4,1957.5,0.18646232439335886,Stardock Entertainment,As Good as Never,193,0
66.0,1,2021,1,1,2,12,1971.5,0.18513821962972357,Deep Silver,Next 12 months,48,2
81.29,0,2019,11,1,1,10,1992.0,0.18323293172690763,Square Enix,More than 12 months,192,1
88.0,1,2016,2,3,3,10,1992.0,0.18323293172690763,Square Enix,As Good as Never,192,0
86.0,1,2014,1,2,4,10,1992.0,0.18323293172690763,Square Enix,As Good as Never,192,0
84.0,1,2016,3,1,1,1,2115.0,0.17257683215130024,Ska Studios,As Good as Never,182,0
77.0,1,2020,4,1,2,20,1636.6,0.22302334107295615,Team17 Digital,More than 12 months,206,1
75.0,1,2017,5,1,1,2,2264.0,0.16121908127208479,Borealys Games,More than 12 months,33,1
84.0,1,2019,8,1,2,10,1408.7,0.25910413856747355,505 Games,More than 12 months,3,1
80.0,1,2017,5,1,1,19,3934.05,0.0927797053926615,Bethesda Softworks,More than 12 months,29,1
73.0,1,2018,9,1,1,12,1971.5,0.18513821962972357,Deep Silver,More than 12 months,48,1
70.0,1,2018,6,1,1,9,1143.89,0.3190866254622385,Focus Home Interactive,More than 12 months,70,1
78.0,1,2018,12,1,3,2,685.0,0.5328467153284672,Funcom,More than 12 months,76,1
77.7032967032967,0,2022,10,1,1,2,-64.0,-5.703125,Systemic Reaction,Within 6 months,199,3
83.0,1,2021,3,1,1,13,812.15,0.4494243674198116,Devolver Digital,Next 12 months,50,2
80.0,1,2015,7,1,1,2,2403.5,0.15186186810900767,The Astronauts,As Good as Never,212,0
76.0,1,2019,8,1,2,4,1772.25,0.20595288475102272,Perfect World Entertainment,More than 12 months,155,1
78.0,1,2020,7,2,2,20,1636.6,0.22302334107295615,Team17 Digital,Next 12 months,206,2
68.0,1,2019,11,2,2,1,758.0,0.48153034300791553,Sony Computer Entertainment,More than 12 months,189,1
83.0,1,2015,10,1,2,1,2257.0,0.16171909614532567,Introversion Software,As Good as Never,101,0
77.7032967032967,0,2017,7,1,1,1,1617.0,0.2257266542980829,Monstrum,More than 12 months,137,1
73.0,1,2018,3,3,2,1,1345.0,0.27137546468401486,Nival,More than 12 months,145,1
72.0,1,2016,6,3,2,1,1997.0,0.1827741612418628,Koch Media,As Good as Never,109,0
76.0,0,2018,11,0,1,15,1055.47,0.34581750310288306,Unknown,More than 12 months,230,1
74.0,1,2017,2,2,1,3,1748.67,0.20873006341962747,Astragon Entertainment,More than 12 months,23,1
72.0,1,2015,7,2,2,3,1502.67,0.24290096960743207,Versus Evil,As Good as Never,235,0
76.0,0,2021,11,0,0,15,1055.47,0.34581750310288306,Unknown,Within 6 months,230,3
70.0,1,2014,11,1,1,4,2094.0,0.17430754536771728,E-Line Media,As Good as Never,57,0
76.0,0,2021,5,0,0,15,1055.47,0.34581750310288306,Unknown,Next 12 months,230,2
82.8,0,2013,6,1,1,9,1506.0,0.24236387782204513,2K Games,As Good as Never,1,0
65.0,1,2017,7,1,2,20,1636.6,0.22302334107295615,Team17 Digital,More than 12 months,206,1
84.0,1,2017,11,1,1,2,1426.5,0.25587101296880477,Koei Tecmo Games,More than 12 months,110,1
66.0,1,2014,5,1,2,1,2703.0,0.13503514613392528,Krillbite Studio,As Good as Never,114,0
65.0,1,2005,11,1,2,7,1816.71,0.20091263878109328,Aspyr,As Good as Never,22,0
77.7032967032967,0,2017,2,1,1,3,1095.67,0.3331295006708224,Hi-Rez Studios,More than 12 months,92,1
77.7032967032967,0,2018,3,1,2,2,1261.0,0.2894528152260111,Irregular,More than 12 months,102,1
87.0,1,2013,8,1,2,9,1811.0,0.20154610712313636,Paradox Interactive,As Good as Never,152,0
77.7032967032967,0,2015,10,1,4,1,2187.0,0.16689529035208048,MidBoss,As Good as Never,128,0
71.0,1,2015,2,1,2,20,1636.6,0.22302334107295615,Team17 Digital,As Good as Never,206,0
61.0,1,2016,1,2,1,1,2076.0,0.1758188824662813,Choice Provisions,As Good as Never,39,0
48.0,0,2018,9,1,2,3,820.0,0.4451219512195122,Kongregate,More than 12 months,113,1
66.0,1,2015,9,1,2,20,1636.6,0.22302334107295615,Team17 Digital,As Good as Never,206,0
84.0,1,2017,11,1,1,2,1426.5,0.25587101296880477,Koei Tecmo Games,More than 12 months,110,1
75.29,0,2018,5,2,2,20,1636.6,0.22302334107295615,Team17 Digital,More than 12 months,206,1
70.0,1,2019,7,1,2,20,1636.6,0.22302334107295615,Team17 Digital,More than 12 months,206,1
73.0,1,2020,5,1,2,12,1971.5,0.18513821962972357,Deep Silver,Next 12 months,48,2
73.0,1,2017,3,1,2,20,1636.6,0.22302334107295615,Team17 Digital,More than 12 months,206,1
78.0,1,2019,5,2,1,2,747.0,0.4886211512717537,Humble Games,More than 12 months,96,1
72.0,1,2015,10,2,1,2,1732.0,0.21073903002309471,Double Damage Games,As Good as Never,53,0
78.0,1,2018,4,2,13,13,812.15,0.4494243674198116,Devolver Digital,More than 12 months,50,1
82.0,1,2019,5,1,2,9,1143.89,0.3190866254622385,Focus Home Interactive,More than 12 months,70,1
77.7032967032967,0,2020,8,1,1,1,343.0,1.064139941690962,Dovetail Games - TSW,Next 12 months,55,2
76.0,1,2018,7,2,2,3,1502.67,0.24290096960743207,Versus Evil,More than 12 months,235,1
70.0,1,2015,4,3,2,2,1765.5,0.20674030019824413,M2H,As Good as Never,118,0
81.0,1,2008,12,1,1,2,4502.0,0.08107507774322524,Hidden Path Entertainment,As Good as Never,93,0
76.0,1,2016,8,1,1,1,1787.0,0.204252937884723,Cyan Worlds,More than 12 months,45,1
78.0,1,2016,4,1,1,4,1957.5,0.18646232439335886,Stardock Entertainment,As Good as Never,193,0
75.0,1,2015,3,1,1,4,1994.75,0.18298032334879055,Ripstone,As Good as Never,169,0
72.0,1,2020,11,1,1,5,1159.6,0.3147637116246982,Headup Games,Next 12 months,91,2
79.67,0,2018,7,1,2,4,1994.75,0.18298032334879055,Ripstone,More than 12 months,169,1
85.0,1,2017,8,1,4,7,1205.14,0.30286937617206294,SEGA,More than 12 months,173,1
78.0,1,2018,5,2,1,3,1542.33,0.23665493117555908,AQUIRIS,More than 12 months,6,1
82.0,1,2018,8,1,2,20,1636.6,0.22302334107295615,Team17 Digital,More than 12 months,206,1
48.0,0,2019,4,1,1,3,820.0,0.4451219512195122,Kongregate,More than 12 months,113,1
84.0,1,2019,8,1,2,10,1408.7,0.25910413856747355,505 Games,More than 12 months,3,1
85.0,1,2018,4,1,1,3,1091.0,0.33455545371219064,11 bit studios,More than 12 months,0,1
82.0,1,2018,7,1,1,1,1037.0,0.351976856316297,Innersloth,More than 12 months,100,1
72.0,1,2020,9,1,2,9,1506.0,0.24236387782204513,2K Games,Next 12 months,1,2
77.7032967032967,0,2017,7,1,2,1,1401.0,0.2605281941470378,Mi'pu'mi Games,More than 12 months,125,1
48.0,1,2019,10,1,1,3,820.0,0.4451219512195122,Kongregate,More than 12 months,113,1
77.7032967032967,0,2022,10,1,1,3,108.67,3.358792675071317,Wargaming,Within 6 months,239,3
77.7032967032967,0,2017,9,1,1,4,2171.75,0.1680672268907563,Codename Entertainment,More than 12 months,42,1
81.0,1,2017,11,1,1,1,1263.0,0.2889944576405384,Defiant Development,More than 12 months,49,1
81.0,1,2014,10,2,3,7,1205.14,0.30286937617206294,SEGA,As Good as Never,173,0
71.0,0,2017,9,3,2,2,1460.0,0.25,GHI Media,More than 12 months,79,1
79.0,1,2017,8,1,1,13,1162.0,0.31411359724612736,Daedalic Entertainment,More than 12 months,46,1
78.5,0,2014,6,1,1,13,1162.0,0.31411359724612736,Daedalic Entertainment,As Good as Never,46,0
79.0,0,2021,4,1,1,2,0.0,182.5,Terrible Posture Games,Within 6 months,210,3
77.7032967032967,0,2018,11,3,3,1,860.0,0.42441860465116277,Thermite Games,More than 12 months,219,1
77.7032967032967,0,2019,9,1,1,1,567.0,0.6437389770723104,Flight School Studio,More than 12 months,69,1
76.0,1,2014,5,3,2,1,2485.0,0.14688128772635814,Over The Moon,As Good as Never,150,0
75.0,1,2018,3,1,2,9,1811.0,0.20154610712313636,Paradox Interactive,More than 12 months,152,1
78.0,1,2014,4,1,1,9,1143.89,0.3190866254622385,Focus Home Interactive,As Good as Never,70,0
81.0,1,2015,2,1,1,2,2352.5,0.15515409139213604,Failbetter Games,As Good as Never,64,0
71.0,1,2019,5,1,6,19,3934.05,0.0927797053926615,Bethesda Softworks,More than 12 months,29,1
66.0,1,2015,7,2,3,1,2036.0,0.17927308447937132,Noodlecake Studios,As Good as Never,146,0
71.0,1,2016,9,4,1,2,1460.0,0.25,GHI Media,More than 12 months,79,1
76.0,1,2014,8,3,3,12,1971.5,0.18513821962972357,Deep Silver,As Good as Never,48,0
78.0,1,2018,4,2,2,5,770.8,0.47353399065905555,Curve Digital,More than 12 months,44,1
75.0,1,2018,2,1,2,8,1109.0,0.3291253381424707,Raw Fury,More than 12 months,165,1
81.0,1,2015,5,1,1,4,1957.5,0.18646232439335886,Stardock Entertainment,As Good as Never,193,0
74.0,1,2017,11,1,1,9,2235.33,0.16328685250052566,Electronic Arts,More than 12 months,59,1
80.33,0,2018,9,2,2,4,1498.25,0.24361755381278158,Humble Bundle,More than 12 months,95,1
71.0,1,2018,6,1,1,4,1105.75,0.33009269726430024,Frontier Developments,More than 12 months,74,1
88.0,1,2012,9,3,2,4,1772.25,0.20595288475102272,Perfect World Entertainment,As Good as Never,155,0
77.7032967032967,0,2016,5,1,1,1,1673.0,0.2181709503885236,Righteous Hammer Games,More than 12 months,168,1
65.0,1,2015,1,1,2,1,2166.0,0.16851338873499538,Beam Team,As Good as Never,27,0
88.0,1,2017,2,1,4,2,1221.5,0.29881293491608674,Finji,More than 12 months,67,1
73.0,1,2019,1,3,3,20,1636.6,0.22302334107295615,Team17 Digital,More than 12 months,206,1
84.0,1,2016,1,1,1,1,1803.0,0.2024403771491958,Red Hook Studios,More than 12 months,166,1
87.0,1,2016,6,1,1,2,1398.5,0.2609939220593493,Playdead,More than 12 months,159,1
75.0,1,2014,5,1,2,4,1482.0,0.24628879892037783,Kalypso Media,As Good as Never,106,0
88.0,1,2014,8,3,3,12,1971.5,0.18513821962972357,Deep Silver,As Good as Never,48,0
81.0,1,2014,10,2,3,7,1205.14,0.30286937617206294,SEGA,As Good as Never,173,0
81.0,1,2008,12,1,1,2,4502.0,0.08107507774322524,Hidden Path Entertainment,As Good as Never,93,0
76.0,1,2014,9,1,1,1,2280.0,0.1600877192982456,Hinterland Studio,As Good as Never,94,0
87.0,1,2014,7,1,3,1,2341.0,0.15591627509611278,Oddworld Inhabitants,As Good as Never,149,0
85.0,1,2015,3,1,1,9,1811.0,0.20154610712313636,Paradox Interactive,As Good as Never,152,0
82.33,0,2017,11,1,1,9,1811.0,0.20154610712313636,Paradox Interactive,More than 12 months,152,1
82.33,0,2016,11,1,1,9,1811.0,0.20154610712313636,Paradox Interactive,More than 12 months,152,1
83.0,1,2010,3,1,2,4,2920.5,0.12497859955487074,Nicalis,As Good as Never,141,0
72.0,1,2018,10,1,2,9,1143.89,0.3190866254622385,Focus Home Interactive,More than 12 months,70,1
80.0,1,2015,4,1,1,4,1105.75,0.33009269726430024,Frontier Developments,As Good as Never,74,0
77.7032967032967,0,2019,4,1,1,1,569.0,0.6414762741652021,VIZ Media,More than 12 months,233,1
69.0,0,2019,2,1,1,5,1159.6,0.3147637116246982,Headup Games,More than 12 months,91,1
74.0,1,2017,10,1,2,4,1482.0,0.24628879892037783,Kalypso Media,More than 12 months,106,1
65.0,1,2019,8,2,1,2,469.5,0.777422790202343,Bloober Team,Next 12 months,32,2
68.0,1,2019,10,2,1,7,569.86,0.640508194995262,Saber Interactive,Next 12 months,176,2
68.0,1,2019,5,2,2,2,469.5,0.777422790202343,Bloober Team,Next 12 months,32,2
68.0,1,2014,10,2,2,2,2601.0,0.14033064206074586,Majesco Entertainment,As Good as Never,119,0
80.0,1,2015,10,1,3,8,1109.0,0.3291253381424707,Raw Fury,More than 12 months,165,1
72.0,1,2013,9,1,1,4,2041.0,0.1788339049485546,Frictional Games,As Good as Never,73,0
81.0,1,2017,5,2,2,5,1468.8,0.24850217864923746,Tripwire Interactive,More than 12 months,226,1
83.0,1,2016,8,1,1,10,1408.7,0.25910413856747355,505 Games,More than 12 months,3,1
75.0,1,2019,1,1,5,13,812.15,0.4494243674198116,Devolver Digital,More than 12 months,50,1
72.0,1,2020,9,2,2,7,1816.71,0.20091263878109328,Aspyr,Within 6 months,22,3
79.0,1,2016,11,1,1,6,1566.83,0.23295443666511365,Ubisoft Entertainment,More than 12 months,229,1
83.0,1,2013,11,2,2,4,1994.75,0.18298032334879055,Ripstone,As Good as Never,169,0
84.0,1,2019,11,1,1,7,1205.14,0.30286937617206294,SEGA,Next 12 months,173,2
76.0,1,2018,1,1,2,4,1482.0,0.24628879892037783,Kalypso Media,More than 12 months,106,1
77.7032967032967,0,2018,2,2,2,1,925.0,0.3945945945945946,Good Shepherd Entertainment,More than 12 months,85,1
90.0,1,2018,2,1,1,3,1413.33,0.25825532607388224,Subset Games,More than 12 months,195,1
77.7032967032967,0,2015,8,1,1,1,1834.0,0.1990185387131952,Harebrained Holdings,As Good as Never,89,0
83.0,1,2016,3,3,3,10,1992.0,0.18323293172690763,Square Enix,More than 12 months,192,1
75.0,1,2019,4,1,2,2,1741.0,0.2096496266513498,Techland Publishing,Next 12 months,207,2
84.0,1,2016,4,1,1,13,812.15,0.4494243674198116,Devolver Digital,More than 12 months,50,1
76.0,1,2019,8,1,2,4,1772.25,0.20595288475102272,Perfect World Entertainment,Next 12 months,155,2
77.7032967032967,0,2020,8,1,2,1,0.0,182.5,Snowman,Within 6 months,187,3
75.0,1,2021,9,1,1,7,1205.14,0.30286937617206294,SEGA,Within 6 months,173,3
88.0,0,2017,10,2,2,2,1221.5,0.29881293491608674,Finji,More than 12 months,67,1
79.0,1,2020,8,1,1,2,0.0,182.5,Terrible Posture Games,Within 6 months,210,3
77.7032967032967,0,2014,11,2,2,1,2074.0,0.1759884281581485,Batterystaple Games,As Good as Never,26,0
77.7032967032967,0,2011,3,1,4,1,3416.0,0.10685011709601874,Capybara Games,As Good as Never,38,0
77.7032967032967,0,2015,6,1,1,1,1864.0,0.1958154506437768,Turning Wheel,As Good as Never,228,0
74.4,0,2018,1,1,2,7,1816.71,0.20091263878109328,Aspyr,More than 12 months,22,1
78.0,1,2017,8,1,1,1,1087.0,0.3357865685372585,The Fullbright Company,More than 12 months,214,1
88.0,1,2012,9,3,2,4,1772.25,0.20595288475102272,Perfect World Entertainment,As Good as Never,155,0
59.0,1,2014,6,2,1,3,2199.33,0.16595963316100812,Serenity Forge,As Good as Never,180,0
75.0,1,2016,11,2,1,5,1468.8,0.24850217864923746,Tripwire Interactive,More than 12 months,226,1
74.0,1,2017,8,1,2,20,1636.6,0.22302334107295615,Team17 Digital,More than 12 months,206,1
79.0,1,2016,8,2,4,5,770.8,0.47353399065905555,Curve Digital,More than 12 months,44,1
77.7032967032967,0,2019,7,2,4,1,358.0,1.0195530726256983,Netflix,Next 12 months,139,2
71.0,1,2017,10,1,2,13,1162.0,0.31411359724612736,Daedalic Entertainment,More than 12 months,46,1
68.0,1,2019,4,1,1,1,434.0,0.8410138248847926,Chucklefish,Next 12 months,40,2
70.0,1,2015,6,3,5,2,2252.5,0.16204217536071033,Studio Wildcard,As Good as Never,194,0
76.0,1,2020,6,1,1,1,0.0,182.5,SNK,Within 6 months,174,3
81.0,1,2016,8,1,2,20,1636.6,0.22302334107295615,Team17 Digital,More than 12 months,206,1
73.0,1,2020,4,1,2,13,812.15,0.4494243674198116,Devolver Digital,Within 6 months,50,3
82.8,0,2015,3,2,3,9,1506.0,0.24236387782204513,2K Games,As Good as Never,1,0
88.0,1,2016,10,2,2,9,1506.0,0.24236387782204513,2K Games,More than 12 months,1,1
92.0,1,2013,9,1,2,1,2431.0,0.15014397367338544,Rockstar Games,As Good as Never,171,0
77.7032967032967,0,2018,3,3,4,1,785.0,0.464968152866242,Zodiac Interactive,More than 12 months,247,1
78.0,1,2016,1,1,1,1,1562.0,0.23367477592829702,Butterscotch Shenanigans,More than 12 months,35,1
85.0,1,2010,9,1,1,4,2041.0,0.1788339049485546,Frictional Games,As Good as Never,73,0
78.0,1,2018,4,2,2,5,770.8,0.47353399065905555,Curve Digital,More than 12 months,44,1
63.0,1,2016,9,2,2,2,652.0,0.5598159509202454,Santa Ragione,More than 12 months,177,1
68.0,1,2018,12,1,2,10,1992.0,0.18323293172690763,Square Enix,Next 12 months,192,2
66.0,1,2019,5,1,1,3,794.0,0.45969773299748107,Wired Productions,Next 12 months,243,2
77.0,1,2014,9,2,1,9,1143.89,0.3190866254622385,Focus Home Interactive,As Good as Never,70,0
74.0,1,2016,6,1,1,1,1382.0,0.26410998552821996,Jackbox Games,More than 12 months,103,1
86.0,1,2013,8,3,1,2,1525.5,0.23926581448705342,Annapurna Interactive,As Good as Never,15,0
77.7032967032967,0,2017,9,1,1,1,920.0,0.39673913043478265,Runic Games,More than 12 months,172,1
56.0,1,2020,4,1,1,2,427.0,0.8548009367681499,tinyBuild,Within 6 months,251,3
70.0,1,2019,4,1,1,9,1143.89,0.3190866254622385,Focus Home Interactive,Next 12 months,70,2
76.71,0,2017,6,1,2,8,1109.0,0.3291253381424707,Raw Fury,More than 12 months,165,1
77.7032967032967,0,2017,9,2,1,1,917.0,0.3980370774263904,4EversGames,More than 12 months,2,1
88.0,1,2013,10,1,1,1,2345.0,0.1556503198294243,Galactic Cafe,As Good as Never,80,0
77.0,1,2014,5,1,2,6,1566.83,0.23295443666511365,Ubisoft Entertainment,As Good as Never,229,0
77.7032967032967,0,2019,9,3,1,5,714.0,0.511204481792717,Akupara Games,Within 6 months,10,3
84.0,1,2019,7,1,1,1,227.0,1.6079295154185023,adamgryu,Next 12 months,248,2
77.7032967032967,0,2019,8,1,3,1,213.0,1.7136150234741783,Analgesic Productions,Next 12 months,14,2
81.0,1,2016,10,1,1,8,1109.0,0.3291253381424707,Raw Fury,More than 12 months,165,1
78.0,1,2016,4,1,1,4,1957.5,0.18646232439335886,Stardock Entertainment,More than 12 months,193,1
74.4,0,2018,1,1,2,7,1816.71,0.20091263878109328,Aspyr,More than 12 months,22,1
74.0,1,2015,10,1,3,6,1566.83,0.23295443666511365,Ubisoft Entertainment,More than 12 months,229,1
80.0,1,2017,3,2,2,3,1502.67,0.24290096960743207,Versus Evil,More than 12 months,235,1
81.0,1,2017,8,1,1,1,926.0,0.3941684665226782,Team Colorblind,More than 12 months,205,1
71.0,1,2018,2,1,2,2,1622.0,0.2250308261405672,Warhorse Studios,More than 12 months,240,1
63.0,1,2010,6,2,4,4,1655.0,0.22054380664652568,Asmodee Digital,As Good as Never,21,0
91.0,1,2009,12,4,5,10,2989.5,0.12209399565144673,Microsoft Studios,As Good as Never,127,0
74.38,0,2018,11,1,2,9,1143.89,0.3190866254622385,Focus Home Interactive,Next 12 months,70,2
74.0,1,2013,2,2,3,2,3283.0,0.11117879987816022,Midnight City,As Good as Never,129,0
82.0,1,2019,7,1,2,10,1408.7,0.25910413856747355,505 Games,Next 12 months,3,2
76.0,0,2020,6,0,1,15,1055.47,0.34581750310288306,Unknown,Within 6 months,230,3
83.0,1,2012,8,1,2,1,2696.0,0.13538575667655786,THQ,As Good as Never,201,0
83.0,1,2010,1,2,2,2,3462.5,0.10541516245487365,THQ Nordic,As Good as Never,202,0
72.0,1,2016,12,1,4,6,1566.83,0.23295443666511365,Ubisoft Entertainment,More than 12 months,229,1
82.0,1,2019,10,1,2,20,1636.6,0.22302334107295615,Team17 Digital,Within 6 months,206,3
40.0,1,2017,8,1,2,2,427.0,0.8548009367681499,tinyBuild,More than 12 months,251,1
85.0,1,2014,12,3,2,13,812.15,0.4494243674198116,Devolver Digital,As Good as Never,50,0
85.0,1,2016,12,1,2,13,1162.0,0.31411359724612736,Daedalic Entertainment,More than 12 months,46,1
84.0,1,2016,3,2,2,2,1300.0,0.28076923076923077,Abylight,More than 12 months,7,1
84.0,1,2012,9,1,1,3,1413.33,0.25825532607388224,Subset Games,As Good as Never,195,0
77.7032967032967,0,2021,4,1,1,1,-463.0,-0.7883369330453563,Landfall,Within 6 months,117,3
91.0,1,2018,1,1,3,3,1216.0,0.3001644736842105,Matt Makes Games,More than 12 months,121,1
84.0,1,2019,2,1,3,13,812.15,0.4494243674198116,Devolver Digital,Next 12 months,50,2
68.0,1,2012,11,2,2,4,2431.25,0.15012853470437018,Tomorrow,As Good as Never,224,0
82.0,1,2016,2,2,2,1,1396.0,0.26146131805157596,SUPERHOT Team,More than 12 months,175,1
87.0,1,2013,6,1,2,3,1216.0,0.3001644736842105,Matt Makes Games,As Good as Never,121,0
90.0,1,2018,2,1,1,3,1413.33,0.25825532607388224,Subset Games,More than 12 months,195,1
71.0,1,2015,2,1,2,20,1636.6,0.22302334107295615,Team17 Digital,More than 12 months,206,1
82.0,1,2013,10,1,1,2,1891.0,0.19301956636700157,Telltale Games,As Good as Never,208,0
79.0,1,2015,9,1,2,2,1973.0,0.1849974657881399,Thunder Lotus Games,More than 12 months,222,1
89.0,1,2013,8,1,2,6,1566.83,0.23295443666511365,Ubisoft Entertainment,As Good as Never,229,0
70.0,1,2016,11,1,2,8,1109.0,0.3291253381424707,Raw Fury,More than 12 months,165,1
84.0,1,2018,8,1,1,13,812.15,0.4494243674198116,Devolver Digital,Next 12 months,50,2
77.7032967032967,0,2015,12,1,1,1,1434.0,0.2545327754532775,Vlambeer,More than 12 months,237,1
78.0,1,2017,9,1,2,13,812.15,0.4494243674198116,Devolver Digital,More than 12 months,50,1
83.0,0,2010,10,3,2,2,3462.5,0.10541516245487365,THQ Nordic,As Good as Never,202,0
84.0,1,2015,9,1,1,4,2041.0,0.1788339049485546,Frictional Games,More than 12 months,73,1
75.0,1,2018,3,2,2,1,590.0,0.6186440677966102,Trapped Nerve Games,More than 12 months,225,1
72.0,1,2016,2,2,2,7,1816.71,0.20091263878109328,Aspyr,More than 12 months,22,1
77.0,1,2017,8,3,2,7,1816.71,0.20091263878109328,Aspyr,More than 12 months,22,1
73.0,1,2012,2,3,1,10,2989.5,0.12209399565144673,Microsoft Studios,As Good as Never,127,0
75.0,1,2018,3,1,2,9,1811.0,0.20154610712313636,Paradox Interactive,More than 12 months,152,1
78.0,1,2018,4,2,13,13,812.15,0.4494243674198116,Devolver Digital,More than 12 months,50,1
76.0,1,2017,3,2,2,2,873.5,0.41785918717801945,Double Fine Productions,More than 12 months,54,1
88.0,1,2014,8,3,3,12,1971.5,0.18513821962972357,Deep Silver,As Good as Never,48,0
81.0,1,2015,6,1,1,2,2221.0,0.16434038721296712,Warner Bros. Interactive,More than 12 months,241,1
94.0,1,2011,10,1,1,2,2221.0,0.16434038721296712,Warner Bros. Interactive,As Good as Never,241,0
91.0,1,2009,8,3,1,10,1992.0,0.18323293172690763,Square Enix,As Good as Never,192,0
75.0,1,2014,11,3,4,3,2811.67,0.12981608794773214,Feral Interactive,More than 12 months,66,1
75.0,1,2012,6,2,2,3,2811.67,0.12981608794773214,Feral Interactive,As Good as Never,66,0
80.0,1,2008,9,2,2,3,2811.67,0.12981608794773214,Feral Interactive,As Good as Never,66,0
73.0,1,2017,6,1,1,1,828.0,0.44082125603864736,Iceberg Interactive,More than 12 months,99,1
83.0,1,2017,7,3,3,4,2920.5,0.12497859955487074,Nicalis,More than 12 months,141,1
83.0,1,2016,8,1,1,10,1408.7,0.25910413856747355,505 Games,More than 12 months,3,1
91.0,1,2018,1,1,3,3,1216.0,0.3001644736842105,Matt Makes Games,More than 12 months,121,1
87.0,1,2016,6,1,1,2,1398.5,0.2609939220593493,Playdead,More than 12 months,159,1
91.0,1,2012,4,4,1,10,2989.5,0.12209399565144673,Microsoft Studios,As Good as Never,127,0
84.0,1,2016,3,2,2,2,1300.0,0.28076923076923077,Abylight,More than 12 months,7,1
78.0,1,2018,12,1,3,2,685.0,0.5328467153284672,Funcom,Next 12 months,76,2
76.0,1,2017,5,2,2,2,873.5,0.41785918717801945,Double Fine Productions,More than 12 months,54,1
76.0,1,2017,2,1,5,6,1566.83,0.23295443666511365,Ubisoft Entertainment,More than 12 months,229,1
83.0,1,2010,5,3,1,10,2989.5,0.12209399565144673,Microsoft Studios,As Good as Never,127,0
82.0,1,2018,5,1,2,3,1091.0,0.33455545371219064,11 bit studios,Next 12 months,0,2
83.0,1,2014,11,1,1,3,1091.0,0.33455545371219064,11 bit studios,More than 12 months,0,1
88.0,1,2010,7,3,3,10,2989.5,0.12209399565144673,Microsoft Studios,As Good as Never,127,0
83.0,1,2009,10,4,1,10,2989.5,0.12209399565144673,Microsoft Studios,As Good as Never,127,0
81.0,1,2016,8,1,2,20,1636.6,0.22302334107295615,Team17 Digital,More than 12 months,206,1
79.0,1,2017,8,1,2,10,1408.7,0.25910413856747355,505 Games,More than 12 months,3,1
72.0,1,2015,10,2,1,2,1732.0,0.21073903002309471,Double Damage Games,More than 12 months,53,1
84.0,1,2016,4,1,1,13,812.15,0.4494243674198116,Devolver Digital,More than 12 months,50,1
80.0,1,2015,10,1,3,8,1109.0,0.3291253381424707,Raw Fury,More than 12 months,165,1
77.7032967032967,0,2018,5,1,1,3,818.33,0.44603033006244425,Uppercut Games,Next 12 months,232,2
78.0,1,2017,5,3,3,1,728.0,0.5013736263736264,Tequila Works,More than 12 months,209,1
81.0,1,2017,2,1,1,13,812.15,0.4494243674198116,Devolver Digital,More than 12 months,50,1
90.0,1,2008,10,2,1,4,2431.25,0.15012853470437018,Tomorrow,As Good as Never,224,0
83.0,1,2014,5,1,1,1,1794.0,0.20345596432552956,Supergiant Games,More than 12 months,196,1
87.0,1,2016,1,2,3,1,1165.0,0.3133047210300429,Thekla,More than 12 months,218,1
80.0,1,2016,1,3,2,1,1162.0,0.31411359724612736,Night School Studio,More than 12 months,142,1
81.0,1,2016,1,1,1,1,1148.0,0.31794425087108014,Monomi Park,More than 12 months,136,1
84.0,1,2017,3,1,1,1,695.0,0.5251798561151079,Terrible Toybox,More than 12 months,211,1
80.0,1,2015,3,1,1,1,1409.0,0.2590489709013485,Thomas Happ Games,More than 12 months,220,1
77.0,1,2014,11,2,1,2,1891.0,0.19301956636700157,Telltale Games,More than 12 months,208,1
89.0,1,2017,4,1,2,2,1525.5,0.23926581448705342,Annapurna Interactive,More than 12 months,15,1
87.0,1,2010,10,2,2,10,2989.5,0.12209399565144673,Microsoft Studios,As Good as Never,127,0
83.0,1,2018,1,1,1,1,323.0,1.130030959752322,Unknown Worlds Entertainment,Next 12 months,231,2
