primary_publisher,avg_days_to_epic,median_days_to_epic,std_days_to_epic,games_count,avg_metacritic,metacritic_count,metacritic_coverage
11 bit studios,1091.0,1136.0,646.68,3,83.33,3,100.0
2K Games,1506.0,1309.0,892.39,9,82.8,5,55.56
4EversGames,917.0,917.0,,1,,0,0.0
505 Games,1408.7,990.5,1151.64,10,83.11,9,90.0
8-4,3206.0,3206.0,,1,85.0,1,100.0
A List Games,98.0,98.0,,1,,0,0.0
AQUIRIS,1542.33,1676.0,358.69,3,78.0,3,100.0
Abylight,1300.0,1300.0,94.75,2,84.0,2,100.0
Activision Blizzard,1926.0,1926.0,,1,84.0,1,100.0
Adult Swim Games,1186.0,1186.0,192.33,2,72.0,1,50.0
Akupara Games,714.0,703.0,424.61,5,,0,0.0
Alawar Entertainment,2935.0,2935.0,,1,75.0,1,100.0
All in! Games,965.67,1160.0,427.98,3,,0,0.0
Amanita Design,2882.33,2605.0,1742.63,3,81.0,2,66.67
Analgesic Productions,213.0,213.0,,1,,0,0.0
Annapurna Interactive,1525.5,1525.5,1269.26,2,87.5,2,100.0
Another Indie,506.0,506.0,,1,,0,0.0
Arc Games,135.0,135.0,,1,,0,0.0
Arc System Works,2045.0,2045.0,,1,,0,0.0
Armor Games,1038.0,1038.0,,1,,0,0.0
Armor Games Studios,703.67,731.0,110.56,3,72.0,1,33.33
Asmodee Digital,1655.0,1230.0,1285.78,4,72.5,2,50.0
Aspyr,1816.71,924.0,1998.08,7,74.4,5,71.43
Astragon Entertainment,1748.67,1743.0,565.52,3,74.0,2,66.67
Atari,141.5,141.5,20.51,2,,0,0.0
Auroch Digital,2049.0,2049.0,,1,,0,0.0
Batterystaple Games,2074.0,2074.0,,1,,0,0.0
Beam Team,2166.0,2166.0,,1,65.0,1,100.0
Bedtime Digital Games,287.0,287.0,,1,,0,0.0
Bethesda Softworks,3934.05,3137.0,2884.66,19,79.82,17,89.47
BlankMediaGames,328.0,328.0,,1,,0,0.0
Blobfish,793.0,793.0,,1,,0,0.0
Bloober Team,469.5,469.5,61.52,2,66.5,2,100.0
Borealys Games,2264.0,2264.0,818.83,2,75.0,2,100.0
Burgos Games,1994.0,1994.0,,1,,0,0.0
Butterscotch Shenanigans,1562.0,1562.0,,1,78.0,1,100.0
CI Games,1750.0,1750.0,,1,57.0,1,100.0
Cabbibo,2894.0,2894.0,,1,,0,0.0
Capybara Games,3416.0,3416.0,,1,,0,0.0
Choice Provisions,2076.0,2076.0,,1,61.0,1,100.0
Chucklefish,434.0,434.0,,1,68.0,1,100.0
Cococucumber,1047.0,1047.0,,1,,0,0.0
Codename Entertainment,2171.75,2292.5,622.29,4,,0,0.0
Crunching Koalas,1883.0,1883.0,,1,78.0,1,100.0
Curve Digital,770.8,735.0,453.1,5,78.33,3,60.0
Cyan Worlds,1787.0,1787.0,,1,76.0,1,100.0
Daedalic Entertainment,1162.0,974.0,836.17,13,78.5,6,46.15
Dear Villagers,1015.0,1015.0,,1,,0,0.0
Deep Silver,1971.5,1522.0,1715.03,12,75.83,12,100.0
Defiant Development,1263.0,1263.0,,1,81.0,1,100.0
Devolver Digital,812.15,772.0,527.3,13,80.77,13,100.0
Digerati,1178.0,679.0,1053.24,3,74.0,1,33.33
DotEmu,1913.0,1913.0,,1,,0,0.0
Double Damage Games,1732.0,1732.0,554.37,2,72.0,2,100.0
Double Fine Productions,873.5,873.5,64.35,2,76.0,2,100.0
Dovetail Games - TSW,343.0,343.0,,1,,0,0.0
DrinkBox Studios,2515.5,2515.5,1068.44,2,85.5,2,100.0
E-Line Media,2094.0,2129.0,901.07,4,71.0,4,100.0
EHTechnology,1866.0,1866.0,,1,,0,0.0
Electronic Arts,2235.33,2012.0,1661.14,9,78.29,7,77.78
Eleon Game Studios,3354.0,3354.0,,1,,0,0.0
Erabit,210.0,210.0,,1,,0,0.0
Expansive Worlds,568.0,568.0,,1,,0,0.0
FLARB,839.0,839.0,,1,,0,0.0
Failbetter Games,2352.5,2352.5,198.7,2,84.0,2,100.0
Fellow Traveller,2478.0,2478.0,,1,77.0,1,100.0
Feral Interactive,2811.67,2648.0,1128.44,3,76.67,3,100.0
Finji,1221.5,1221.5,259.51,2,88.0,1,50.0
Flazm,1551.0,1551.0,,1,,0,0.0
Flight School Studio,567.0,567.0,,1,,0,0.0
Focus Home Interactive,1143.89,815.0,782.04,9,74.38,8,88.89
Free Range Games,1454.0,1454.0,,1,,0,0.0
Freedom Games,520.0,520.0,,1,,0,0.0
Frictional Games,2041.0,2047.0,1293.41,4,79.75,4,100.0
Frontier Developments,1105.75,1080.0,766.52,4,75.5,2,50.0
Frontier Foundry,294.0,294.0,,1,,0,0.0
Funcom,685.0,685.0,608.11,2,78.0,2,100.0
Funselektor Labs,1185.0,1185.0,,1,78.0,1,100.0
GBROSSOFT,450.0,450.0,,1,,0,0.0
GHI Media,1460.0,1460.0,212.13,2,71.0,1,50.0
Galactic Cafe,2345.0,2345.0,,1,88.0,1,100.0
Games Operators,2393.0,2393.0,,1,68.0,1,100.0
Games by Malcs,1276.0,1276.0,,1,,0,0.0
Gearbox Software,2774.0,2774.0,,1,79.0,1,100.0
Giants Software,913.0,913.0,,1,,0,0.0
Good Shepherd Entertainment,925.0,925.0,,1,,0,0.0
Graffiti Games,924.0,924.0,,1,74.0,1,100.0
GrahamOfLegend,636.0,636.0,,1,,0,0.0
Grey Alien Games,534.0,534.0,,1,,0,0.0
Harebrained Holdings,1834.0,1834.0,,1,,0,0.0
Hatinh Interactive,777.5,777.5,60.1,2,,0,0.0
Headup Games,1159.6,938.0,906.29,5,69.0,2,40.0
Hi-Rez Studios,1095.67,1556.0,919.43,3,,0,0.0
Hidden Path Entertainment,4502.0,4502.0,151.32,2,81.0,2,100.0
Hinterland Studio,2280.0,2280.0,,1,76.0,1,100.0
Humble Bundle,1498.25,1367.0,735.55,4,80.33,3,75.0
Humble Games,747.0,747.0,94.75,2,78.0,1,50.0
HypeTrain Digital,672.5,672.5,91.22,2,78.0,1,50.0
INFORMATION SOLUTIONS GROUP,1017.0,1017.0,,1,78.0,1,100.0
Iceberg Interactive,828.0,828.0,,1,73.0,1,100.0
Innersloth,1037.0,1037.0,,1,82.0,1,100.0
Introversion Software,2257.0,2257.0,,1,83.0,1,100.0
Irregular,1261.0,1261.0,41.01,2,,0,0.0
Jackbox Games,1382.0,1382.0,,1,74.0,1,100.0
Jacob Janerka,1850.0,1850.0,,1,86.0,1,100.0
Kabam Games,1235.0,1235.0,,1,,0,0.0
Kalypso Media,1482.0,1281.0,648.54,4,74.75,4,100.0
Kasedo Games,1194.5,1194.5,922.77,2,62.0,1,50.0
Kiss,3431.0,3431.0,,1,,0,0.0
Koch Media,1997.0,1997.0,,1,72.0,1,100.0
Koei Tecmo Games,1426.5,1426.5,34.65,2,84.0,2,100.0
Komi Games,1008.0,1008.0,,1,,0,0.0
Konami,1424.33,1960.0,970.55,3,78.0,1,33.33
Kongregate,820.0,791.0,261.71,3,48.0,1,33.33
Krillbite Studio,2703.0,2703.0,,1,66.0,1,100.0
LEAP Game Studios,513.0,513.0,,1,,0,0.0
LEGO® Games,1098.0,1098.0,,1,78.0,1,100.0
Landfall,-463.0,-463.0,,1,,0,0.0
M2H,1765.5,1765.5,723.37,2,70.0,1,50.0
Majesco Entertainment,2601.0,2601.0,555.79,2,68.0,2,100.0
Maple Whispering,925.0,925.0,,1,,0,0.0
Matt Makes Games,1216.0,698.0,1000.24,3,89.67,3,100.0
Mellowsoft,427.0,427.0,,1,,0,0.0
Merge Games,2218.0,2218.0,1653.22,2,61.0,1,50.0
Meridian4,3766.0,3766.0,,1,84.0,1,100.0
Mi'pu'mi Games,1401.0,1401.0,,1,,0,0.0
Microids,1128.0,1128.0,100.41,2,79.0,2,100.0
Microsoft Studios,2989.5,3137.0,1275.66,10,84.4,10,100.0
MidBoss,2187.0,2187.0,,1,,0,0.0
Midnight City,3283.0,3283.0,1069.15,2,74.0,2,100.0
Mighty Yell,961.0,961.0,,1,76.0,1,100.0
Milestone,1726.5,1726.5,762.97,2,74.0,1,50.0
Mischief,680.0,680.0,,1,78.0,1,100.0
Misfits Attic,2473.0,2473.0,,1,83.0,1,100.0
Modus Games,254.33,219.0,106.49,3,73.5,2,66.67
Mokuzai Studio,3632.0,3632.0,,1,,0,0.0
Monomi Park,1148.0,1148.0,,1,81.0,1,100.0
Monstrum,1617.0,1617.0,,1,,0,0.0
Moonlit,597.0,597.0,,1,,0,0.0
Netflix,358.0,358.0,,1,,0,0.0
Nexon,656.0,656.0,164.05,2,,0,0.0
Nicalis,2920.5,2993.5,1844.4,4,82.5,4,100.0
Night School Studio,1162.0,1162.0,,1,80.0,1,100.0
Ninja Kiwi,1760.5,1760.5,163.34,2,,0,0.0
Nintendo,867.0,867.0,,1,70.0,1,100.0
Nival,1345.0,1345.0,,1,73.0,1,100.0
Noodlecake Studios,2036.0,2036.0,,1,66.0,1,100.0
North Beach Games,415.0,415.0,,1,,0,0.0
Nuverse,484.0,484.0,,1,,0,0.0
Oddworld Inhabitants,2341.0,2341.0,,1,87.0,1,100.0
Over The Moon,2485.0,2485.0,,1,76.0,1,100.0
PQube,2206.25,2176.5,470.73,4,77.0,4,100.0
Paradox Interactive,1811.0,1491.0,1070.02,9,82.33,6,66.67
Passion Republic Games,489.0,489.0,,1,,0,0.0
Payload Studios,3606.0,3606.0,,1,,0,0.0
Perfect World Entertainment,1772.25,1853.5,1364.41,4,82.0,4,100.0
Picogram,1289.0,1289.0,,1,,0,0.0
PlayStack,1265.0,1265.0,569.93,2,75.0,2,100.0
PlayWay,1791.0,1791.0,,1,,0,0.0
Playdead,1398.5,1398.5,341.53,2,87.0,2,100.0
Plug In Digital,2815.5,2815.5,464.57,2,73.5,2,100.0
Prime Matter,472.0,472.0,,1,73.0,1,100.0
Prismatika,1034.0,1034.0,,1,,0,0.0
Private Division,1166.0,394.0,1425.51,3,88.0,1,33.33
Ravenscourt,535.0,535.0,,1,74.0,1,100.0
Raw Fury,1109.0,1093.5,395.21,8,76.71,7,87.5
Red Hook Studios,1803.0,1803.0,,1,84.0,1,100.0
RedRuins Softworks,791.0,791.0,,1,66.0,1,100.0
Righteous Hammer Games,1673.0,1673.0,,1,,0,0.0
Ripstone,1994.75,2199.0,625.97,4,79.67,3,75.0
Robot Entertainment,1509.5,1509.5,170.41,2,,0,0.0
Rockstar Games,2431.0,2431.0,,1,92.0,1,100.0
Runic Games,920.0,920.0,,1,,0,0.0
SEGA,1205.14,1409.0,1124.58,7,82.0,6,85.71
SNK,0.0,0.0,,1,76.0,1,100.0
SUPERHOT Team,1396.0,1396.0,,1,82.0,1,100.0
Saber Interactive,569.86,499.0,348.77,7,70.5,2,28.57
Santa Ragione,652.0,652.0,922.07,2,63.0,1,50.0
Secret Mode,518.0,518.0,,1,,0,0.0
Sekai Project,4098.5,4098.5,242.54,2,,0,0.0
Serenity Forge,2199.33,2225.0,1233.7,3,68.5,2,66.67
Shiro Games,1351.0,1351.0,,1,66.0,1,100.0
Ska Studios,2115.0,2115.0,,1,84.0,1,100.0
Skybound Games,510.2,537.0,298.79,5,69.0,1,20.0
Slitherine,1709.0,1709.0,,1,71.0,1,100.0
Snapbreak Games,857.0,857.0,,1,,0,0.0
Snowcastle Games,2632.0,2632.0,,1,,0,0.0
Snowman,0.0,0.0,,1,,0,0.0
Something We Made,1099.0,1099.0,,1,79.0,1,100.0
Sony Computer Entertainment,758.0,758.0,,1,68.0,1,100.0
Sony Interactive Entertainment,1215.0,1215.0,101.82,2,84.0,2,100.0
Spiderweb Software,491.0,491.0,,1,,0,0.0
Square Enix,1992.0,1891.5,1216.0,10,81.29,7,70.0
Stardock Entertainment,1957.5,1992.5,428.03,4,79.5,4,100.0
Studio Wildcard,2252.5,2252.5,589.02,2,70.0,2,100.0
Subset Games,1413.33,920.0,1086.52,3,88.0,3,100.0
Supergiant Games,1794.0,1794.0,,1,83.0,1,100.0
Supra Games,1168.0,1168.0,,1,84.0,1,100.0
Sweet Bandits Studios,597.0,597.0,,1,,0,0.0
Systemic Reaction,-64.0,-64.0,338.0,2,,0,0.0
TBA,436.0,436.0,,1,,0,0.0
THQ,2696.0,2696.0,,1,83.0,1,100.0
THQ Nordic,3462.5,3462.5,231.22,2,83.0,1,50.0
Tanuki Creative Studio,1015.0,1015.0,,1,,0,0.0
Tate Multimedia,8524.0,8524.0,,1,,0,0.0
Team Colorblind,926.0,926.0,,1,81.0,1,100.0
Team17 Digital,1636.6,1130.0,1963.87,20,75.29,17,85.0
Techland Publishing,1741.0,1741.0,1769.18,2,81.0,2,100.0
Telltale Games,1891.0,1891.0,513.36,2,79.5,2,100.0
Tequila Works,728.0,728.0,,1,78.0,1,100.0
Terrible Posture Games,0.0,0.0,0.0,2,79.0,1,50.0
Terrible Toybox,695.0,695.0,,1,84.0,1,100.0
The Astronauts,2403.5,2403.5,77.07,2,80.0,2,100.0
The Drone Racing League,1924.0,1924.0,,1,,0,0.0
The Fullbright Company,1087.0,1087.0,,1,78.0,1,100.0
The MIX Games,2.0,2.0,,1,,0,0.0
The Quantum Astrophysicists Guild,1154.5,1154.5,1085.41,2,,0,0.0
TheGameWall Studios,653.0,653.0,,1,53.0,1,100.0
Thekla,1165.0,1165.0,,1,87.0,1,100.0
Thermite Games,860.0,860.0,,1,,0,0.0
Thomas Happ Games,1409.0,1409.0,,1,80.0,1,100.0
Those Awesome Guys,779.0,779.0,,1,76.0,1,100.0
Thunder Lotus Games,1973.0,1973.0,627.91,2,79.0,2,100.0
Thunderful Publishing,1156.0,1156.0,,1,68.0,1,100.0
Tomorrow,2431.25,2793.0,1523.9,4,78.67,3,75.0
Trapped Nerve Games,590.0,590.0,,1,75.0,1,100.0
Tripwire Interactive,1468.8,1329.0,549.53,5,76.0,5,100.0
Triternion,1445.0,1445.0,,1,81.0,1,100.0
Turning Wheel,1864.0,1864.0,,1,,0,0.0
Ubisoft Entertainment,1566.83,1485.0,546.61,6,77.83,6,100.0
Unknown,1055.47,1257.0,814.91,15,76.0,2,13.33
Unknown Worlds Entertainment,323.0,323.0,,1,83.0,1,100.0
Uppercut Games,818.33,637.0,541.28,3,,0,0.0
VIZ Media,569.0,569.0,,1,,0,0.0
Vanimals,1199.0,1199.0,,1,,0,0.0
Versus Evil,1502.67,1109.0,707.99,3,76.0,3,100.0
Vertigo Gaming,926.0,926.0,,1,,0,0.0
Vlambeer,1434.0,1434.0,,1,,0,0.0
Wales Interactive,1451.0,1451.0,,1,64.0,1,100.0
Wargaming,108.67,167.0,600.63,3,,0,0.0
Warhorse Studios,1622.0,1622.0,1261.48,2,71.0,2,100.0
Warner Bros. Interactive,2221.0,2221.0,950.35,2,87.5,2,100.0
Wild Rooster,0.0,0.0,,1,,0,0.0
Wired Productions,794.0,707.0,500.21,3,65.5,2,66.67
X.D. Network,2717.0,2717.0,,1,,0,0.0
Zachtronics,3132.0,3132.0,,1,,0,0.0
Zen Studios,3033.0,3033.0,,1,,0,0.0
Zodiac Interactive,785.0,785.0,,1,,0,0.0
adamgryu,227.0,227.0,,1,84.0,1,100.0
bilibili,763.5,763.5,408.0,2,76.0,2,100.0
poncle,791.0,791.0,,1,,0,0.0
tinyBuild,427.0,427.0,603.87,2,48.0,2,100.0
ustwo games,699.0,699.0,,1,81.0,1,100.0
