game_name,release_date,Added to Service,Removed from Service,metacritic_score,publisher,developer,System
Chilvalry 2,2021-06-08,"December 31, 2025",,78,"Deep Silver, Tripwire Interactive, Tripwire Presents",Torn Banner Studios,PC
Trine Classic Collection,2019-10-07,"December 30, 2025",,,"Frozenbyte, Modus Games",Frozenbyte,PC
Viewfinder,2023-07-17,"December 29, 2025",,,Thunderful Publishing,Sad Owl Studios,PC
Skald: Against the Black Priory,2021-08-02,"December 28, 2025",,,"Raw Fury, Scape-IT","Scape-IT, High North Studios AS",PC
Cassette Beasts,4/1/2023,"December 27, 2025",,83.0,Raw Fury,Bytten Studio,PC
We Were Here Together,2019-10-10,"December 26, 2025",,70,Total Mayhem Games,Total Mayhem Games,PC
Disco Elysium,2019-10-14,"December 25, 2025",,91,,ZA/UM,PC
The Callisto Protocol,12/1/2022,"December 24, 2025",,69.0,"Skybound Games, KRAFTON",Striking Distance Studios,PC
Bloodstained: Ritual of the Night,6/1/2019,"December 23, 2025",,84.0,505 Games,"505 Games, Armature Studio, Inti Creates, ArtPlay, Dico",PC
Paradise Killer,9/1/2020,"December 22, 2025",,81.0,Fellow Traveller,Kaizen Game Works,PC
Sorry We're Closed,2024-11-14,"December 21, 2025",,,Akupara Games,"à la mode, à la mode games",PC
Blood West,2023-12-05,"December 20, 2025",,,Hyperstrange,Hyperstrange,PC
Eternights,2023-09-12,"December 19, 2025",,,Studio Sai,Studio Sai,PC
Jotunnslayer: Hordes of Hel,2025-01-20,"December 18, 2025",,,Grindstone,"Games Farm, ARTillery",PC
Hogwarts Legacy,2/1/2023,"December 11, 2025",,84.0,"Warner Bros. Interactive, Wizarding World","Avalanche Software, Portkey Games",PC
The Darkside Detective,2017-07-26,"December 4, 2025",,73,"Spooky Doorway, Isometric Dreams",Spooky Doorway,PC
Jackbox Party Pack 4,2016-10-17,"December 4, 2025",,81,Jackbox Games,Jackbox Games,PC
Universe for Sale,,"November 27, 2025",,,"Akupara Games, Tmesis Studio",Tmesis Studio,PC
Zoeti and Godzilla Voxel Wars,2023-04-20,"November 20, 2025",,,Akupara Games,"Dusklight CO, Dusklight CO.",PC
Scourgebringer,2/6/2020,"November 13, 2025",,,"Plug In Digital, Dear Villagers","Plug In Digital, Dear Villagers, Flying Oak Games, E-Studio",PC
Songs of Silence,2024-06-04,"November 13, 2025",,,Chimera Entertainment,Chimera Entertainment,PC
Zero Hour,2008-11-15,"November 13, 2025",,,"RESETgame, Attrito, M7 Productions","RESETgame, M7 Productions, Attrito",PC
Felix The Reaper,10/1/2019,"November 6, 2025",,69.0,Daedalic Entertainment,"Daedalic Entertainment, Kong Orange",PC
Bendy and the Ink Machine,2017-02-09,"October 30, 2025",,68,"Rooster Teeth Games, Joey Drew Studios, TheMeatly Games","Joey Drew Studios, Rooster Teeth Productions, TheMeatly Games",PC
Five Nights at Freddy's: Into the Pit,2024-08-07,"October 30, 2025",,,Mega Cat Studios,Mega Cat Studios,PC
Fear the Spotlight,2024-10-22,"October 23, 2025",,,Cozy Game Pals,Cozy Game Pals,PC
Amnesia: The Bunker,6/1/2023,"October 16, 2025",,77.0,Frictional Games,Frictional Games,PC
Samorost 3,3/1/2016,"October 16, 2025",,80.0,Amanita Design,Amanita Design,PC
Gravity Circuit,2023-07-13,"October 9, 2025",,89,"Plug In Digital, PID Games","Domesticated Ants, Domesticated Ant Games",PC
Nightingale,,"October 2, 2025",,,,Inflexion Games,PC
Eastern Exorcist,7/1/2021,"September 25, 2025",,73.0,bilibili,Wildfire Games,PC
Jorel’s Brother and The Most Important Game of the Galaxy,2023-06-14,"September 25, 2025",,,Double Dash Studios,"Double Dash Studios, Copa Studio",PC
Project Winter,2/1/2019,"September 18, 2025",,75.0,Other Ocean Group,Other Ocean Interactive,PC
Samorost 2,2005-12-08,"September 18, 2025",,,Amanita Design,Amanita Design,PC
Monument Valley 2,2017-05-30,"September 11, 2025",,85,ustwo games,ustwo games,PC
Ghostrunner 2,10/26/2023,"September 11, 2025",,,505 Games,One More Level,PC
The Battle of Polytopia,2016-02-09,"September 11, 2025",,,Midjiwan,"Midjiwan, Felix af Ekenstam",PC
Monument Valley,2014-04-03,"September 4, 2025",,89,ustwo games,ustwo games,PC
Machinarium,10/1/2009,"August 28, 2025",,85.0,Amanita Design,Amanita Design,PC
Make Way,2023-12-04,"August 28, 2025",,,Secret Mode,Ice BEAM,PC
Kamaeru,2024-06-08,"August 21, 2025",,,Armor Games Studios,Humble Reeds,PC
Strange Horticulture,2022-01-20,"August 21, 2025",,,Iceberg Interactive,Bad Viking,PC
Hidden Folks,2017-02-14,"August 14, 2025",,78,Adriaan de Jongh,"Adriaan de Jongh, Sylvain Tegroeg",PC
Totally Reliable Delivery Service,4/1/2020,"August 14, 2025",,60.0,tinyBuild,We're Five Games,PC
112 Operator,2020-10-08,"August 7, 2025",,,"PlayWay, Games Operators","Jutsu Games, Games Operators",PC
Road Redemption,2014-07-01,"August 7, 2025",,67,Darkseas Games,"Saber Interactive, Tripwire Interactive, EQ Games, Pixel Dash Studios, Pixel Dash Studios, EQ",PC
Keylocker,2023-03-25,"July 31, 2025",,,,2ndSilver,PC
Pilgrims,2019-10-06,"July 31, 2025",,78,Amanita Design,Amanita Design,PC
Legion TD 2,2021-10-01,"July 24, 2025",,,AutoAttack Games,AutoAttack Games,PC
Sid Meier's Civilization 6: Platinum Edition,2016-10-20,"July 17, 2025",,88,"2K Games, Aspyr","Aspyr Media, Firaxis",PC
Figment 2: Creed Valley,3/1/2023,"July 10, 2025",,74.0,Bedtime Digital Games,Bedtime Digital Games,PC
Sky Racket,2019-06-05,"July 10, 2025",,,Double Dash Studios,Double Dash Studios,PC
Backpack Hero,2022-08-15,"July 3, 2025",,,"IndieArk, Different Tales, Jaspel",Jaspel,PC
Figment,9/1/2017,"July 3, 2025",,75.0,"4EversGames, Bedtime Digital Games",Bedtime Digital Games,PC
Sable,9/1/2021,"June 26, 2025",,74.0,Raw Fury,Shedworks,PC
The Operator,2024-07-22,"June 19, 2025",,,"indienova, Bureau 81",Bureau 81,PC
Two Point Hospital,4/1/2018,"June 12, 2025",,83.0,"SEGA, GAMESDROP","Two Point Studios, GAMESDROP",PC
Deathloop,9/1/2021,"June 5, 2025",,89.0,Bethesda Softworks,Arkane Studios,PC
Ogu and the Secret Forest,2023-03-23,"June 5, 2025",,,Sinkhole Studio,"Sinkhole Studio, Moonlab Studio",PC
Limbo,7/1/2010,"May 29, 2025",,85.0,"Microsoft Studios, Playdead, 鱼俞","Double Eleven, Playdead, 鱼俞",PC
Tiny Tina's Wonderlands,2022-03-25,"May 29, 2025",,,"2K Games, Gearbox Publishing",Gearbox Software,PC
Deliver At All Costs,,"May 22, 2025",,,"Konami Digital Entertainment-US, Konami Entertainment",Far Out Games,PC
Gigapocalypse,7/22/2021,"May 22, 2025",,,Headup Games,"Headup Games, Goody Gameworks",PC
Sifu,2/1/2022,"May 22, 2025",,81.0,"Microids, Kepler Interactive, Sloclap",Sloclap,PC
Dead Island 2,4/1/2023,"May 15, 2025",,73.0,Deep Silver,Dambuster Studios,PC
Happy Game,10/28/2021,"May 15, 2025",,,Amanita Design,Amanita Design,PC
Deadtime Defenders,,"May 8, 2025",,,Ravenous Games,Ravenous Games,PC
Touch Type Tale,,"May 8, 2025",,,Pumpernickel Studio,Pumpernickel Studio,PC
Super Space Club,8/4/2023,"May 1, 2025",,,GrahamOfLegend,GrahamOfLegend,PC
Chuchel,3/7/2018,"April 24, 2025",,80.0,Amanita Design,Amanita Design,PC
Botanicula,4/18/2012,"April 17, 2025",,82.0,Amanita Design,Amanita Design,PC
River City Girls,9/1/2019,"April 10, 2025",,80.0,"Arc System Works, WayForward, Wayforward Technologies, H2 Interactive",WayForward Technologies,PC
Cat Quest 2,2019-09-23,"April 3, 2025",,77,"PQube, The Gentlebros Pte","The Gentlebros, The Gentlebros.",PC
Cat Quest,11/10/2017,"Mar 27, 2025",,74.0,"PQube, The Gentlebros Pte","The Gentlebros, Pqube, The Gentlebros Pte",PC
Neko Ghost,2019-10-11,"Mar 27, 2025",,,Burgos Games,Burgos Games,PC
Jump!,2018-06-15,"Mar 27, 2025",,,,FireStormz,PC
Jurassic World Evolution 2,11/1/2021,"Mar 20, 2025",,79.0,Frontier Developments,Frontier Developments,PC
Mortal Shell,8/18/2020,"Mar 13, 2025",,75.0,PlayStack,"Cold Symmetry, PlayStack",PC
Them's Fightin' Herds,2020-04-30,"Mar 6, 2025",,82,"Humble Bundle, Mane6",Mane6,PC
Mages of Mystralia,5/17/2017,"Feb 27, 2025",,75.0,Borealys Games,Borealys Games,PC
Garden Story,8/1/2021,"Feb 20, 2025",,70.0,Picogram,Picogram,PC
World War Z Aftermath,2021-09-21,"Feb 20, 2025",,,Saber Interactive,Saber Interactive,PC
F1 Manager 2024,7/23/2024,"Feb 13, 2025",,,Frontier Developments,Frontier Developments,PC
Beyond Blue,6/11/2020,"Feb 6, 2025",,72.0,E-Line Media,E-Line Media,PC
Humankind,8/1/2021,"Feb 6, 2025",,78.0,SEGA,Amplitude Studios,PC
Undying,10/19/2021,"Jan 30, 2025",,,Vanimals,Vanimals,PC
Kingdom Come: Deliverance,2/1/2018,"Jan 1, 2025",,68.0,Warhorse Studios,"Deep Silver, Warhorse Studios",PC
