metacritic_filled,has_metacritic,release_year,release_month,num_publishers,num_developers,games_count,avg_days_to_epic,publisher_speed_score,primary_publisher,sample_weight,days_to_epic,publisher_encoded
82.8,0,2022,3,2,1,9,1506.0,0.24236387782204513,2K Games,0.828,1161.0,1
88.0,1,2010,7,3,3,10,2989.5,0.12209399565144673,Microsoft Studios,0.88,5426.0,126
79.0,1,2022,2,3,1,2,1128.0,0.3235815602836879,Microids,0.79,1199.0,125
69.0,0,2021,7,1,2,5,1159.6,0.3147637116246982,Headup Games,0.69,1400.0,91
81.0,0,2021,10,1,1,3,2882.33,0.12663366096179132,Amanita Design,0.81,1295.0,13
75.0,1,2023,4,1,1,12,1971.5,0.18513821962972357,Deep Silver,0.75,755.0,48
80.0,1,2022,4,3,1,10,2989.5,0.12209399565144673,Microsoft Studios,0.8,1125.0,126
77.7107438016529,0,2023,8,1,1,1,636.0,0.5738993710691824,GrahamOfLegend,0.7771074380165289,636.0,87
80.0,1,2018,3,1,1,3,2882.33,0.12663366096179132,Amanita Design,0.8,2605.0,13
77.7107438016529,0,2017,5,1,1,1,2894.0,0.12612301313061505,Cabbibo,0.7771074380165289,2894.0,37
77.7107438016529,0,2013,8,2,1,2,4098.5,0.08905697206294987,Sekai Project,0.7771074380165289,4270.0,178
82.0,1,2012,4,1,1,3,2882.33,0.12663366096179132,Amanita Design,0.82,4747.0,13
77.7107438016529,0,2019,9,4,1,1,2045.0,0.17848410757946212,Arc System Works,0.7771074380165289,2045.0,18
77.7107438016529,0,2017,9,1,1,4,2171.75,0.1680672268907563,Codename Entertainment,0.7771074380165289,2772.0,42
75.29,0,1999,1,3,1,20,1636.6,0.22302334107295615,Team17 Digital,0.7529,9572.0,205
77.0,1,2019,9,2,2,4,2206.25,0.16543909348441926,PQube,0.77,2019.0,150
77.7107438016529,0,2019,10,1,1,1,1994.0,0.18304914744232698,Burgos Games,0.7771074380165289,1994.0,34
77.0,1,2017,8,2,3,4,2206.25,0.16543909348441926,PQube,0.77,2789.0,150
75.5,0,2021,11,1,1,4,1105.75,0.33009269726430024,Frontier Developments,0.755,1227.0,74
82.0,1,2019,4,0,1,14,1141.57,0.3197351016582426,Unknown,0.82,2158.0,229
75.0,1,2020,8,1,2,2,1265.0,0.2885375494071146,PlayStack,0.75,1668.0,156
82.0,1,2020,4,2,1,4,1498.25,0.24361755381278158,Humble Bundle,0.82,1771.0,95
75.0,1,2017,5,1,1,2,2264.0,0.16121908127208479,Borealys Games,0.75,2843.0,33
70.5,0,2021,9,1,1,7,569.86,0.640508194995262,Saber Interactive,0.705,1248.0,175
77.7107438016529,0,2021,8,1,1,1,1289.0,0.2831652443754849,Picogram,0.7771074380165289,1289.0,155
75.5,0,2024,7,1,1,4,1105.75,0.33009269726430024,Frontier Developments,0.755,205.0,74
78.29,0,2021,10,1,1,9,2235.33,0.16328685250052566,Electronic Arts,0.7829,1230.0,59
72.0,1,2020,6,1,1,4,2094.0,0.17430754536771728,E-Line Media,0.72,1701.0,57
77.7107438016529,0,2021,10,1,1,1,1199.0,0.3044203502919099,Vanimals,0.7771074380165289,1199.0,233
77.7107438016529,0,2021,8,2,2,5,714.0,0.511204481792717,Akupara Games,0.7771074380165289,1255.0,10
69.0,0,2022,7,2,1,5,510.2,0.715405723245786,Skybound Games,0.69,918.0,182
73.0,1,2016,6,5,3,2,2815.5,0.12963949564908542,Plug In Digital,0.73,3144.0,159
77.0,1,2019,6,1,1,20,1636.6,0.22302334107295615,Team17 Digital,0.77,2037.0,205
71.0,1,2018,2,1,2,2,1622.0,0.2250308261405672,Warhorse Studios,0.71,2514.0,239
79.0,1,2022,2,3,1,2,1128.0,0.3235815602836879,Microids,0.79,1057.0,125
76.0,0,2021,3,0,1,14,1141.57,0.3197351016582426,Unknown,0.76,1372.0,229
77.7107438016529,0,2020,7,1,1,2,1509.5,0.24180192116594898,Robot Entertainment,0.7771074380165289,1630.0,169
74.0,1,2021,9,1,1,2,1726.5,0.2114103677961193,Milestone,0.74,1187.0,130
83.11,0,2023,10,1,1,10,1408.7,0.25910413856747355,505 Games,0.8311,427.0,3
84.0,1,2019,8,1,2,10,1408.7,0.25910413856747355,505 Games,0.84,1947.0,3
75.29,0,2023,3,1,1,20,1636.6,0.22302334107295615,Team17 Digital,0.7529,636.0,205
77.7107438016529,0,2019,5,1,1,1,2049.0,0.17813567593948268,Auroch Digital,0.7771074380165289,2049.0,25
77.0,1,2018,5,2,2,4,1498.25,0.24361755381278158,Humble Bundle,0.77,2413.0,95
77.7107438016529,0,2015,2,2,1,1,3606.0,0.1012201885745979,Payload Studios,0.7771074380165289,3606.0,153
77.7107438016529,0,2023,9,1,1,5,714.0,0.511204481792717,Akupara Games,0.7771074380165289,456.0,10
77.7107438016529,0,2022,10,1,1,1,791.0,0.4614412136536031,poncle,0.7771074380165289,791.0,249
77.7107438016529,0,2023,10,1,1,1,415.0,0.8795180722891566,North Beach Games,0.7771074380165289,415.0,146
80.0,1,2022,4,3,1,10,2989.5,0.12209399565144673,Microsoft Studios,0.8,975.0,126
74.0,0,2021,9,1,1,3,1748.67,0.20873006341962747,Astragon Entertainment,0.74,1186.0,23
77.7107438016529,0,2022,9,1,1,1,793.0,0.46027742749054223,Blobfish,0.7771074380165289,793.0,31
75.0,1,2016,11,4,2,1,2935.0,0.12436115843270867,Alawar Entertainment,0.75,2935.0,11
76.0,0,2023,12,0,1,14,1141.57,0.3197351016582426,Unknown,0.76,321.0,229
78.0,1,2019,5,1,1,3,1424.33,0.2562608384292966,Konami,0.78,2009.0,112
77.7107438016529,0,2023,3,1,1,1,597.0,0.6113902847571189,Sweet Bandits Studios,0.7771074380165289,597.0,197
80.0,1,2019,2,1,1,9,2235.33,0.16328685250052566,Electronic Arts,0.8,2103.0,59
78.0,1,2022,3,1,1,19,3934.05,0.0927797053926615,Bethesda Softworks,0.78,952.0,29
78.5,0,2017,5,2,1,13,1162.0,0.31411359724612736,Daedalic Entertainment,0.785,2710.0,46
77.0,1,2020,4,1,2,20,1636.6,0.22302334107295615,Team17 Digital,0.77,1640.0,205
77.7107438016529,0,2022,2,1,3,5,714.0,0.511204481792717,Akupara Games,0.7771074380165289,981.0,10
69.0,0,2023,11,1,1,5,510.2,0.715405723245786,Skybound Games,0.69,338.0,182
77.7107438016529,0,2023,7,1,1,1,450.0,0.8111111111111111,GBROSSOFT,0.7771074380165289,450.0,78
77.7107438016529,0,2015,8,1,1,1,3354.0,0.10882528324388789,Eleon Game Studios,0.7771074380165289,3354.0,60
72.0,1,2022,7,1,1,3,703.67,0.5187090539599528,Armor Games Studios,0.72,798.0,20
72.0,0,2022,9,1,1,3,703.67,0.5187090539599528,Armor Games Studios,0.72,731.0,20
77.7107438016529,0,2021,11,2,1,1,1038.0,0.3516377649325626,Armor Games,0.7771074380165289,1038.0,19
79.0,1,2021,9,1,1,1,1099.0,0.3321201091901729,Something We Made,0.79,1099.0,187
78.0,0,2023,11,1,1,3,1424.33,0.2562608384292966,Konami,0.78,304.0,112
77.7107438016529,0,2024,9,1,2,1,2.0,182.5,The MIX Games,0.7771074380165289,2.0,214
57.0,1,2019,11,1,1,1,1750.0,0.20857142857142857,CI Games,0.57,1750.0,36
83.4,0,2023,11,1,1,6,1470.17,0.24827060816096094,SEGA,0.8340000000000001,304.0,172
70.5,0,2023,10,1,1,7,569.86,0.640508194995262,Saber Interactive,0.705,324.0,175
78.0,0,2019,4,1,1,3,1424.33,0.2562608384292966,Konami,0.78,1960.0,112
69.0,1,2022,12,2,1,5,510.2,0.715405723245786,Skybound Games,0.69,630.0,182
77.7107438016529,0,2024,4,1,1,1,135.0,2.7037037037037037,Arc Games,0.7771074380165289,135.0,17
77.7107438016529,0,2022,10,1,1,2,422.5,0.8639053254437871,Wargaming,0.7771074380165289,678.0,238
72.0,0,2021,9,1,1,2,1186.0,0.3077571669477234,Adult Swim Games,0.72,1050.0,9
77.7107438016529,0,2022,6,2,4,2,656.0,0.5564024390243902,Nexon,0.7771074380165289,772.0,139
80.0,1,2019,2,1,1,9,2235.33,0.16328685250052566,Electronic Arts,0.8,2012.0,59
76.0,0,2020,8,0,1,14,1141.57,0.3197351016582426,Unknown,0.76,1440.0,229
76.0,1,2021,9,1,1,2,763.5,0.4780615586116569,bilibili,0.76,1052.0,248
78.29,0,2008,11,1,1,9,2235.33,0.16328685250052566,Electronic Arts,0.7829,5728.0,59
64.0,1,2020,7,1,1,1,1451.0,0.25155065472088217,Wales Interactive,0.64,1451.0,237
65.5,0,2022,8,1,1,3,794.0,0.45969773299748107,Wired Productions,0.655,707.0,242
76.0,1,2022,5,1,1,1,779.0,0.4685494223363286,Those Awesome Guys,0.76,779.0,220
65.0,1,2020,11,1,1,3,794.0,0.45969773299748107,Wired Productions,0.65,1332.0,242
87.0,1,2017,8,1,1,2,2352.5,0.15515409139213604,Failbetter Games,0.87,2493.0,64
61.0,0,2015,3,2,1,2,2218.0,0.16456266907123535,Merge Games,0.61,3387.0,122
77.7107438016529,0,2019,3,1,4,2,1154.5,0.31615417929839756,The Quantum Astrophysicists Guild,0.7771074380165289,1922.0,215
70.5,0,2022,6,1,1,7,569.86,0.640508194995262,Saber Interactive,0.705,728.0,175
77.7107438016529,0,2017,9,1,1,4,2171.75,0.1680672268907563,Codename Entertainment,0.7771074380165289,2471.0,42
82.8,0,2022,12,1,1,9,1506.0,0.24236387782204513,2K Games,0.828,552.0,1
78.0,1,2021,6,3,1,12,1971.5,0.18513821962972357,Deep Silver,0.78,1087.0,48
77.7107438016529,0,2021,11,1,1,1,913.0,0.39978094194961666,Giants Software,0.7771074380165289,913.0,84
86.0,1,2014,11,1,2,9,2235.33,0.16328685250052566,Electronic Arts,0.86,3467.0,59
77.7107438016529,0,2013,8,2,1,2,4098.5,0.08905697206294987,Sekai Project,0.7771074380165289,3927.0,178
70.5,0,2022,9,1,1,7,569.86,0.640508194995262,Saber Interactive,0.705,611.0,175
77.7107438016529,0,2020,7,1,1,2,1509.5,0.24180192116594898,Robot Entertainment,0.7771074380165289,1389.0,169
77.0,1,2019,9,2,2,4,2206.25,0.16543909348441926,PQube,0.77,1683.0,150
78.0,1,2014,12,2,2,3,2199.33,0.16595963316100812,Serenity Forge,0.78,3420.0,179
66.0,1,2021,9,2,1,5,1159.6,0.3147637116246982,Headup Games,0.66,938.0,91
77.7107438016529,0,2023,5,1,1,1,328.0,1.1128048780487805,BlankMediaGames,0.7771074380165289,328.0,30
76.0,1,2021,8,1,1,1,961.0,0.3798126951092612,Mighty Yell,0.76,961.0,129
77.7107438016529,0,2020,10,1,3,3,965.67,0.3779759130966065,All in! Games,0.7771074380165289,1262.0,12
70.0,1,2014,2,1,3,10,1992.0,0.18323293172690763,Square Enix,0.7,3691.0,191
88.0,0,2023,3,1,2,3,1166.0,0.3130360205831904,Private Division,0.88,394.0,162
72.0,0,2022,8,1,1,3,703.67,0.5187090539599528,Armor Games Studios,0.72,582.0,20
69.0,0,2023,11,1,1,5,510.2,0.715405723245786,Skybound Games,0.69,128.0,182
77.7107438016529,0,2022,8,1,1,1,568.0,0.6426056338028169,Expansive Worlds,0.7771074380165289,568.0,62
74.0,1,2013,2,2,3,2,3283.0,0.11117879987816022,Midnight City,0.74,4039.0,128
83.0,1,2016,8,2,1,10,1992.0,0.18323293172690763,Square Enix,0.83,2761.0,191
77.7107438016529,0,2024,3,1,1,1,0.0,0.5,Wild Rooster,0.7771074380165289,0.0,241
70.0,1,2021,5,0,0,14,1141.57,0.3197351016582426,Unknown,0.7,1016.0,229
68.0,1,2020,12,2,3,1,1156.0,0.3157439446366782,Thunderful Publishing,0.68,1156.0,222
70.5,0,2022,10,1,2,7,569.86,0.640508194995262,Saber Interactive,0.705,499.0,175
77.7107438016529,0,2016,8,3,1,1,2717.0,0.13433934486566065,X.D. Network,0.7771074380165289,2717.0,243
68.5,0,2021,6,1,1,3,2199.33,0.16595963316100812,Serenity Forge,0.685,953.0,179
77.7107438016529,0,2021,9,2,2,1,857.0,0.4259043173862311,Snapbreak Games,0.7771074380165289,857.0,184
77.7107438016529,0,2015,6,1,1,1,3132.0,0.1165389527458493,Zachtronics,0.7771074380165289,3132.0,244
77.7107438016529,0,2014,2,2,1,1,3632.0,0.10049559471365639,Mokuzai Studio,0.7771074380165289,3632.0,134
77.7107438016529,0,2022,12,2,2,2,1154.5,0.31615417929839756,The Quantum Astrophysicists Guild,0.7771074380165289,387.0,215
81.29,0,2021,10,1,1,10,1992.0,0.18323293172690763,Square Enix,0.8129000000000001,800.0,191
82.0,1,2019,5,1,2,9,1143.89,0.3190866254622385,Focus Home Interactive,0.82,1696.0,70
77.7107438016529,0,2023,6,3,2,1,210.0,1.7380952380952381,Erabit,0.7771074380165289,210.0,61
69.0,0,2022,7,2,1,5,510.2,0.715405723245786,Skybound Games,0.69,537.0,182
77.7107438016529,0,2020,10,1,3,3,965.67,0.3779759130966065,All in! Games,0.7771074380165289,1160.0,12
81.0,1,2006,8,2,1,12,1971.5,0.18513821962972357,Deep Silver,0.81,6332.0,48
76.0,0,2023,12,0,1,14,1141.57,0.3197351016582426,Unknown,0.76,0.0,229
77.0,1,2017,8,2,3,4,2206.25,0.16543909348441926,PQube,0.77,2334.0,150
76.0,0,2020,7,0,1,14,1141.57,0.3197351016582426,Unknown,0.76,1257.0,229
78.0,1,2015,10,2,2,4,2431.25,0.15012853470437018,Tomorrow,0.78,2995.0,223
88.0,0,2023,3,1,2,3,1166.0,0.3130360205831904,Private Division,0.88,293.0,162
78.0,1,2022,3,1,1,19,3934.05,0.0927797053926615,Bethesda Softworks,0.78,640.0,29
91.0,1,2009,10,1,1,19,3934.05,0.0927797053926615,Bethesda Softworks,0.91,5184.0,29
78.0,1,2020,9,1,1,1,1185.0,0.3080168776371308,Funselektor Labs,0.78,1185.0,77
77.7107438016529,0,2020,6,2,2,1,1276.0,0.28605015673981193,Games by Malcs,0.7771074380165289,1276.0,82
77.7107438016529,0,2022,6,2,4,2,656.0,0.5564024390243902,Nexon,0.7771074380165289,540.0,139
84.0,1,2018,9,1,1,1,1926.0,0.18951194184839043,Activision Blizzard,0.84,1926.0,8
77.7107438016529,0,2022,8,1,1,1,489.0,0.7464212678936606,Passion Republic Games,0.7771074380165289,489.0,152
77.7107438016529,0,2021,2,1,1,1,1008.0,0.3621031746031746,Komi Games,0.7771074380165289,1008.0,111
77.7107438016529,0,2021,2,1,2,1,1015.0,0.35960591133004927,Tanuki Creative Studio,0.7771074380165289,1015.0,202
77.7107438016529,0,2023,2,1,1,1,294.0,1.2414965986394557,Frontier Foundry,0.7771074380165289,294.0,75
82.33,0,2021,11,1,2,9,1811.0,0.20154610712313636,Paradox Interactive,0.8233,731.0,151
77.7107438016529,0,2016,9,1,2,1,2632.0,0.138677811550152,Snowcastle Games,0.7771074380165289,2632.0,185
78.0,0,2022,3,2,1,2,672.5,0.5427509293680297,HypeTrain Digital,0.78,608.0,97
74.0,1,2021,4,1,2,1,924.0,0.39502164502164505,Graffiti Games,0.74,924.0,86
82.0,1,2017,10,1,2,19,3934.05,0.0927797053926615,Bethesda Softworks,0.82,2206.0,29
77.7107438016529,0,2021,10,1,1,2,777.5,0.4694533762057878,Hatinh Interactive,0.7771074380165289,735.0,90
68.0,1,2014,10,1,2,19,3934.05,0.0927797053926615,Bethesda Softworks,0.68,3294.0,29
77.7107438016529,0,2022,5,1,1,1,518.0,0.7046332046332047,Secret Mode,0.7771074380165289,518.0,177
77.7107438016529,0,2014,5,4,3,1,3431.0,0.10638297872340426,Kiss,0.7771074380165289,3431.0,108
78.5,0,2022,4,1,1,13,1162.0,0.31411359724612736,Daedalic Entertainment,0.785,533.0,46
73.5,0,2022,9,1,1,3,254.33,1.4351433177367987,Modus Games,0.735,374.0,133
77.7107438016529,0,2022,2,1,1,1,597.0,0.6113902847571189,Moonlit,0.7771074380165289,597.0,137
77.7107438016529,0,2022,12,1,1,1,287.0,1.2717770034843205,Bedtime Digital Games,0.7771074380165289,287.0,28
77.7107438016529,0,2021,6,1,1,2,777.5,0.4694533762057878,Hatinh Interactive,0.7771074380165289,820.0,90
68.0,1,2017,2,3,3,1,2393.0,0.1525282072712077,Games Operators,0.68,2393.0,81
77.7107438016529,0,2019,9,1,1,1,1454.0,0.25103163686382396,Free Range Games,0.7771074380165289,1454.0,71
83.0,1,2010,3,1,2,4,2920.5,0.12497859955487074,Nicalis,0.83,4910.0,140
79.0,1,2016,1,1,2,1,2774.0,0.13157894736842105,Gearbox Software,0.79,2774.0,83
76.0,0,2019,9,0,0,14,1141.57,0.3197351016582426,Unknown,0.76,1435.0,229
78.0,1,2021,8,2,1,2,672.5,0.5427509293680297,HypeTrain Digital,0.78,737.0,97
77.0,1,2016,10,2,2,1,2478.0,0.1472962066182405,Fellow Traveller,0.77,2478.0,65
87.0,1,2013,8,1,2,9,1811.0,0.20154610712313636,Paradox Interactive,0.87,3650.0,151
83.0,1,2021,3,1,1,13,812.15,0.4494243674198116,Devolver Digital,0.83,882.0,50
77.7107438016529,0,2018,6,2,2,2,1760.5,0.20732746378869638,Ninja Kiwi,0.7771074380165289,1876.0,142
74.0,0,2021,9,2,1,3,1178.0,0.30984719864176574,Digerati,0.74,679.0,51
86.0,1,2015,2,2,2,7,1816.71,0.20091263878109328,Aspyr,0.86,3075.0,22
71.0,1,2014,4,1,2,19,3934.05,0.0927797053926615,Bethesda Softworks,0.71,3394.0,29
77.7107438016529,0,2020,3,1,1,2,1261.0,0.2894528152260111,Irregular,0.7771074380165289,1232.0,102
77.7107438016529,0,2019,4,1,3,1,1551.0,0.23533204384268214,Flazm,0.7771074380165289,1551.0,68
77.7107438016529,0,2021,8,2,2,5,714.0,0.511204481792717,Akupara Games,0.7771074380165289,703.0,10
77.7107438016529,0,2020,9,1,2,1,1015.0,0.35960591133004927,Dear Villagers,0.7771074380165289,1015.0,47
74.0,1,2017,2,2,1,3,1748.67,0.20873006341962747,Astragon Entertainment,0.74,2317.0,23
77.7107438016529,0,2017,9,1,1,4,2171.75,0.1680672268907563,Codename Entertainment,0.7771074380165289,2114.0,42
85.0,1,2018,8,1,1,2,2515.5,0.1451003776585172,DrinkBox Studios,0.85,1760.0,56
86.0,1,2014,7,1,2,2,2515.5,0.1451003776585172,DrinkBox Studios,0.86,3271.0,56
79.0,1,2013,8,2,2,10,1408.7,0.25910413856747355,505 Games,0.79,3586.0,3
77.7107438016529,0,2022,3,1,1,1,427.0,0.8548009367681499,Mellowsoft,0.7771074380165289,427.0,121
79.82,0,2012,2,1,1,19,3934.05,0.0927797053926615,Bethesda Softworks,0.7981999999999999,4125.0,29
84.0,1,2019,11,2,1,2,1215.0,0.3004115226337449,Sony Interactive Entertainment,0.84,1287.0,189
67.0,1,2014,9,1,2,9,2235.33,0.16328685250052566,Electronic Arts,0.67,3173.0,59
77.7107438016529,0,2000,1,4,2,1,8524.0,0.04282027217268888,Tate Multimedia,0.7771074380165289,8524.0,203
78.0,1,2018,5,2,1,3,1542.33,0.23665493117555908,AQUIRIS,0.78,1815.0,6
76.0,0,2016,7,0,1,14,1141.57,0.3197351016582426,Unknown,0.76,2474.0,229
66.0,1,2021,2,1,1,1,791.0,0.4614412136536031,RedRuins Softworks,0.66,791.0,166
70.0,1,2014,11,1,1,4,2094.0,0.17430754536771728,E-Line Media,0.7,3075.0,57
72.0,1,2020,6,1,1,4,2094.0,0.17430754536771728,E-Line Media,0.72,1043.0,57
77.7107438016529,0,2022,10,1,1,1,175.0,2.085714285714286,Systemic Reaction,0.7771074380165289,175.0,198
81.0,1,2019,4,1,1,1,1445.0,0.25259515570934254,Triternion,0.81,1445.0,226
77.7107438016529,0,2020,6,1,1,1,1034.0,0.3529980657640232,Prismatika,0.7771074380165289,1034.0,161
87.0,1,2015,1,2,1,2,1741.0,0.2096496266513498,Techland Publishing,0.87,2992.0,206
77.7107438016529,0,2021,11,1,1,1,513.0,0.7115009746588693,LEAP Game Studios,0.7771074380165289,513.0,115
84.0,1,2012,12,2,1,1,3766.0,0.0969198088157196,Meridian4,0.84,3766.0,123
77.7107438016529,0,2022,10,1,1,2,422.5,0.8639053254437871,Wargaming,0.7771074380165289,167.0,238
81.0,1,2017,6,1,1,4,1994.75,0.18298032334879055,Ripstone,0.81,2102.0,168
71.0,1,2018,7,1,1,1,1709.0,0.21357519016968987,Slitherine,0.71,1709.0,183
77.0,1,2020,12,1,2,8,1109.0,0.3291253381424707,Raw Fury,0.77,821.0,164
62.0,1,2018,2,1,1,2,1194.5,0.3055671829217246,Kasedo Games,0.62,1847.0,107
83.0,1,2016,5,1,1,1,2473.0,0.1475940153659523,Misfits Attic,0.83,2473.0,132
78.5,0,2021,4,1,1,13,1162.0,0.31411359724612736,Daedalic Entertainment,0.785,658.0,46
76.0,0,2018,4,0,1,14,1141.57,0.3197351016582426,Unknown,0.76,1752.0,229
83.0,1,2017,9,1,2,19,3934.05,0.0927797053926615,Bethesda Softworks,0.83,1967.0,29
62.0,0,2021,8,1,2,2,1194.5,0.3055671829217246,Kasedo Games,0.62,542.0,107
77.7107438016529,0,2022,10,1,2,1,98.0,3.7244897959183674,A List Games,0.7771074380165289,98.0,5
78.0,1,2021,3,1,1,1,680.0,0.5367647058823529,Mischief,0.78,680.0,131
74.0,1,2016,3,2,2,2,2815.5,0.12963949564908542,Plug In Digital,0.74,2487.0,159
77.7107438016529,0,2014,9,1,1,1,3033.0,0.120342894823607,Zen Studios,0.7771074380165289,3033.0,245
77.7107438016529,0,2021,11,1,1,1,436.0,0.8371559633027523,TBA,0.7771074380165289,436.0,199
77.7107438016529,0,2022,12,1,1,3,1095.67,0.3331295006708224,Hi-Rez Studios,0.7771074380165289,37.0,92
78.5,0,2021,12,1,1,13,1162.0,0.31411359724612736,Daedalic Entertainment,0.785,395.0,46
88.0,1,2015,4,2,1,3,1166.0,0.3130360205831904,Private Division,0.88,2811.0,162
53.0,1,2021,3,1,1,1,653.0,0.55895865237366,TheGameWall Studios,0.53,653.0,216
78.0,1,2015,8,1,1,19,3934.05,0.0927797053926615,Bethesda Softworks,0.78,2683.0,29
75.0,1,2020,8,1,2,2,1265.0,0.2885375494071146,PlayStack,0.75,862.0,156
74.0,0,2021,9,2,1,3,1178.0,0.30984719864176574,Digerati,0.74,467.0,51
76.0,1,2021,9,1,1,2,763.5,0.4780615586116569,bilibili,0.76,475.0,248
84.0,1,2019,11,2,1,2,1215.0,0.3004115226337449,Sony Interactive Entertainment,0.84,1143.0,189
76.0,1,2014,8,3,3,12,1971.5,0.18513821962972357,Deep Silver,0.76,3043.0,48
73.0,1,2021,9,2,1,1,472.0,0.7733050847457626,Prime Matter,0.73,472.0,160
82.0,1,2001,3,2,1,19,3934.05,0.0927797053926615,Bethesda Softworks,0.82,7966.0,29
86.0,1,1998,9,2,1,19,3934.05,0.0927797053926615,Bethesda Softworks,0.86,8849.0,29
79.82,0,1997,9,3,2,19,3934.05,0.0927797053926615,Bethesda Softworks,0.7981999999999999,9214.0,29
78.0,1,2019,12,1,1,1,1098.0,0.3324225865209472,LEGO® Games,0.78,1098.0,116
81.0,1,2014,5,1,2,19,3934.05,0.0927797053926615,Bethesda Softworks,0.81,3137.0,29
82.0,1,2020,4,2,1,4,1498.25,0.24361755381278158,Humble Bundle,0.82,963.0,95
74.0,1,2021,9,1,1,8,1109.0,0.3291253381424707,Raw Fury,0.74,451.0,164
68.0,1,2014,10,2,2,2,2601.0,0.14033064206074586,Majesco Entertainment,0.68,2994.0,118
78.0,1,2018,5,2,1,3,1542.33,0.23665493117555908,AQUIRIS,0.78,1676.0,6
77.7107438016529,0,2018,6,2,2,2,1760.5,0.20732746378869638,Ninja Kiwi,0.7771074380165289,1645.0,142
78.5,0,2022,5,1,1,13,1162.0,0.31411359724612736,Daedalic Entertainment,0.785,218.0,46
73.0,1,2013,8,2,2,12,1971.5,0.18513821962972357,Deep Silver,0.73,3396.0,48
77.7107438016529,0,2021,8,2,2,3,965.67,0.3779759130966065,All in! Games,0.7771074380165289,475.0,12
79.0,1,2020,10,1,2,9,2235.33,0.16328685250052566,Electronic Arts,0.79,783.0,59
73.0,1,2022,5,3,1,7,569.86,0.640508194995262,Saber Interactive,0.73,188.0,175
77.7107438016529,0,2021,6,1,1,1,520.0,0.701923076923077,Freedom Games,0.7771074380165289,520.0,72
76.0,0,2018,11,0,1,14,1141.57,0.3197351016582426,Unknown,0.76,1464.0,229
85.0,1,2016,12,1,2,13,1162.0,0.31411359724612736,Daedalic Entertainment,0.85,2166.0,46
81.0,1,2020,12,1,1,1,699.0,0.5221745350500715,ustwo games,0.81,699.0,251
81.0,1,2017,5,2,2,5,1468.8,0.24850217864923746,Tripwire Interactive,0.81,1983.0,225
77.7107438016529,0,2020,4,2,1,1,925.0,0.3945945945945946,Maple Whispering,0.7771074380165289,925.0,119
74.0,1,2018,11,2,1,4,1482.0,0.24628879892037783,Kalypso Media,0.74,1442.0,106
63.0,0,2022,10,1,1,2,652.0,0.5598159509202454,Santa Ragione,0.63,0.0,176
91.0,1,2009,10,1,1,19,3934.05,0.0927797053926615,Bethesda Softworks,0.91,4755.0,29
66.0,1,2019,2,1,1,1,1351.0,0.27017024426350855,Shiro Games,0.66,1351.0,180
72.0,1,2019,3,3,2,2,1186.0,0.3077571669477234,Adult Swim Games,0.72,1322.0,9
78.0,1,2017,8,2,2,1,1883.0,0.1938396176314392,Crunching Koalas,0.78,1883.0,43
74.0,1,2016,3,2,4,3,1178.0,0.30984719864176574,Digerati,0.74,2388.0,51
77.7107438016529,0,2021,5,3,1,1,506.0,0.7213438735177865,Another Indie,0.7771074380165289,506.0,16
77.7107438016529,0,2017,6,1,1,1,1924.0,0.1897089397089397,The Drone Racing League,0.7771074380165289,1924.0,212
69.0,0,2015,8,2,2,5,1159.6,0.3147637116246982,Headup Games,0.69,2590.0,91
82.0,1,2019,7,1,1,4,1655.0,0.22054380664652568,Asmodee Digital,0.82,1163.0,21
70.0,1,2015,6,3,5,2,2252.5,0.16204217536071033,Studio Wildcard,0.7,2669.0,193
78.67,0,2021,12,2,1,4,2431.25,0.15012853470437018,Tomorrow,0.7867000000000001,286.0,223
61.0,1,2019,11,1,1,2,2218.0,0.16456266907123535,Merge Games,0.61,1049.0,122
77.7107438016529,0,2018,6,1,1,3,1095.67,0.3331295006708224,Hi-Rez Studios,0.7771074380165289,1556.0,92
77.7107438016529,0,2021,5,2,2,1,484.0,0.7541322314049587,Nuverse,0.7771074380165289,484.0,147
77.7107438016529,0,2020,12,1,1,3,818.33,0.44603033006244425,Uppercut Games,0.7771074380165289,637.0,231
81.29,0,2019,11,1,1,10,1992.0,0.18323293172690763,Square Enix,0.8129000000000001,1031.0,191
82.0,1,2021,5,1,1,9,2235.33,0.16328685250052566,Electronic Arts,0.82,468.0,59
78.0,0,2020,10,2,2,2,747.0,0.4886211512717537,Humble Games,0.78,680.0,96
74.0,0,2016,6,1,1,2,1726.5,0.2114103677961193,Milestone,0.74,2266.0,130
77.7107438016529,0,2017,7,2,2,1,1866.0,0.19560557341907825,EHTechnology,0.7771074380165289,1866.0,58
76.0,1,1997,3,4,4,19,3934.05,0.0927797053926615,Bethesda Softworks,0.76,9271.0,29
77.7107438016529,0,2020,1,1,2,1,926.0,0.3941684665226782,Vertigo Gaming,0.7771074380165289,926.0,235
73.0,1,2020,9,1,1,13,1162.0,0.31411359724612736,Daedalic Entertainment,0.73,680.0,46
78.33,0,2021,8,2,2,5,770.8,0.47353399065905555,Curve Digital,0.7833,352.0,44
70.0,0,2019,2,2,2,2,1765.5,0.20674030019824413,M2H,0.7,1254.0,117
77.7107438016529,0,2019,3,1,1,1,1235.0,0.2955465587044534,Kabam Games,0.7771074380165289,1235.0,105
77.7107438016529,0,2017,4,1,2,1,1913.0,0.19079979090433874,DotEmu,0.7771074380165289,1913.0,52
75.0,1,2016,11,2,1,5,1468.8,0.24850217864923746,Tripwire Interactive,0.75,2057.0,225
77.7107438016529,0,2021,1,1,1,1,534.0,0.6835205992509363,Grey Alien Games,0.7771074380165289,534.0,88
78.0,1,2018,7,2,2,13,1162.0,0.31411359724612736,Daedalic Entertainment,0.78,1456.0,46
64.0,1,2021,5,1,1,9,1143.89,0.3190866254622385,Focus Home Interactive,0.64,416.0,70
77.7107438016529,0,2021,2,1,1,1,491.0,0.7433808553971487,Spiderweb Software,0.7771074380165289,491.0,190
77.7107438016529,0,2017,7,1,1,1,1791.0,0.2037967615857063,PlayWay,0.7771074380165289,1791.0,157
72.5,0,2020,10,1,1,4,1655.0,0.22054380664652568,Asmodee Digital,0.725,626.0,21
84.0,1,2019,4,1,1,1,1168.0,0.3125,Supra Games,0.84,1168.0,196
68.0,1,2020,5,2,1,5,1468.8,0.24850217864923746,Tripwire Interactive,0.68,748.0,225
81.0,1,2014,5,1,2,19,3934.05,0.0927797053926615,Bethesda Softworks,0.81,2936.0,29
83.0,1,2016,9,2,3,9,1506.0,0.24236387782204513,2K Games,0.83,2081.0,1
83.0,1,2019,9,2,2,9,1506.0,0.24236387782204513,2K Games,0.83,979.0,1
81.0,1,2016,9,3,2,4,2920.5,0.12497859955487074,Nicalis,0.81,2078.0,140
80.0,1,2017,5,1,1,19,3934.05,0.0927797053926615,Bethesda Softworks,0.8,1833.0,29
79.0,1,2015,9,1,2,2,1973.0,0.1849974657881399,Thunder Lotus Games,0.79,2417.0,221
72.5,0,2018,10,1,2,4,1655.0,0.22054380664652568,Asmodee Digital,0.725,1297.0,21
86.0,1,2017,4,1,1,1,1850.0,0.1972972972972973,Jacob Janerka,0.86,1850.0,104
78.33,0,2021,5,2,1,5,770.8,0.47353399065905555,Curve Digital,0.7833,343.0,44
77.7107438016529,0,2019,6,1,1,1,1047.0,0.34861509073543456,Cococucumber,0.7771074380165289,1047.0,41
78.0,1,2020,10,1,1,4,2041.0,0.1788339049485546,Frictional Games,0.78,548.0,73
88.0,1,2016,2,2,3,9,1506.0,0.24236387782204513,2K Games,0.88,2261.0,1
78.5,0,2021,4,2,1,13,1162.0,0.31411359724612736,Daedalic Entertainment,0.785,351.0,46
85.0,1,2013,6,2,3,1,3206.0,0.11384903306300687,8-4,0.85,3206.0,4
80.0,1,2015,7,1,1,2,2403.5,0.15186186810900767,The Astronauts,0.8,2458.0,211
86.0,1,2016,5,2,2,6,1470.17,0.24827060816096094,SEGA,0.86,2137.0,172
77.7107438016529,0,2018,5,1,1,3,818.33,0.44603033006244425,Uppercut Games,0.7771074380165289,1427.0,231
77.7107438016529,0,2019,12,1,2,1,839.0,0.435041716328963,FLARB,0.7771074380165289,839.0,63
74.0,1,2021,9,2,1,3,254.33,1.4351433177367987,Modus Games,0.74,170.0,133
85.0,1,2015,3,1,1,9,1811.0,0.20154610712313636,Paradox Interactive,0.85,2557.0,151
77.7107438016529,0,2021,9,1,2,2,141.5,2.5795053003533566,Atari,0.7771074380165289,156.0,24
77.7107438016529,0,2021,10,1,2,2,141.5,2.5795053003533566,Atari,0.7771074380165289,127.0,24
78.0,1,2019,5,2,3,1,1017.0,0.35889872173058013,INFORMATION SOLUTIONS GROUP,0.78,1017.0,98
73.0,1,2021,7,1,2,3,254.33,1.4351433177367987,Modus Games,0.73,219.0,133
90.0,1,2013,8,2,2,10,1408.7,0.25910413856747355,505 Games,0.9,3116.0,3
63.0,1,2020,8,1,1,12,1971.5,0.18513821962972357,Deep Silver,0.63,532.0,48
82.0,1,2019,10,1,2,20,1636.6,0.22302334107295615,Team17 Digital,0.82,850.0,205
70.0,1,2019,9,4,1,1,867.0,0.42099192618223763,Nintendo,0.7,867.0,143
74.0,1,2020,8,2,1,1,535.0,0.6822429906542056,Ravenscourt,0.74,535.0,163
81.0,1,2015,5,1,1,4,1957.5,0.18646232439335886,Stardock Entertainment,0.81,2437.0,192
66.0,1,2021,1,1,2,12,1971.5,0.18513821962972357,Deep Silver,0.66,342.0,48
81.29,0,2019,11,1,1,10,1992.0,0.18323293172690763,Square Enix,0.8129000000000001,787.0,191
88.0,1,2016,2,3,3,10,1992.0,0.18323293172690763,Square Enix,0.88,2153.0,191
86.0,1,2014,1,2,4,10,1992.0,0.18323293172690763,Square Enix,0.86,2891.0,191
84.0,1,2016,3,1,1,1,2115.0,0.17257683215130024,Ska Studios,0.84,2115.0,181
77.0,1,2020,4,1,2,20,1636.6,0.22302334107295615,Team17 Digital,0.77,609.0,205
75.0,1,2017,5,1,1,2,2264.0,0.16121908127208479,Borealys Games,0.75,1685.0,33
84.0,1,2019,8,1,2,10,1408.7,0.25910413856747355,505 Games,0.84,852.0,3
80.0,1,2017,5,1,1,19,3934.05,0.0927797053926615,Bethesda Softworks,0.8,1695.0,29
73.0,1,2018,9,1,1,12,1971.5,0.18513821962972357,Deep Silver,0.73,1186.0,48
70.0,1,2018,6,1,1,9,1143.89,0.3190866254622385,Focus Home Interactive,0.7,1298.0,70
78.0,1,2018,12,1,3,2,685.0,0.5328467153284672,Funcom,0.78,1115.0,76
83.0,1,2021,3,1,1,13,812.15,0.4494243674198116,Devolver Digital,0.83,291.0,50
80.0,1,2015,7,1,1,2,2403.5,0.15186186810900767,The Astronauts,0.8,2349.0,211
76.0,1,2019,8,1,2,4,1772.25,0.20595288475102272,Perfect World Entertainment,0.76,851.0,154
78.0,1,2020,7,2,2,20,1636.6,0.22302334107295615,Team17 Digital,0.78,522.0,205
68.0,1,2019,11,2,2,1,758.0,0.48153034300791553,Sony Computer Entertainment,0.68,758.0,188
83.0,1,2015,10,1,2,1,2257.0,0.16171909614532567,Introversion Software,0.83,2257.0,101
77.7107438016529,0,2017,7,1,1,1,1617.0,0.2257266542980829,Monstrum,0.7771074380165289,1617.0,136
73.0,1,2018,3,3,2,1,1345.0,0.27137546468401486,Nival,0.73,1345.0,144
72.0,1,2016,6,3,2,1,1997.0,0.1827741612418628,Koch Media,0.72,1997.0,109
76.0,0,2018,11,0,1,14,1141.57,0.3197351016582426,Unknown,0.76,1109.0,229
74.0,1,2017,2,2,1,3,1748.67,0.20873006341962747,Astragon Entertainment,0.74,1743.0,23
72.0,1,2015,7,2,2,3,1502.67,0.24290096960743207,Versus Evil,0.72,2320.0,234
76.0,0,2021,11,0,0,14,1141.57,0.3197351016582426,Unknown,0.76,0.0,229
70.0,1,2014,11,1,1,4,2094.0,0.17430754536771728,E-Line Media,0.7,2557.0,57
76.0,0,2021,5,0,0,14,1141.57,0.3197351016582426,Unknown,0.76,184.0,229
82.8,0,2013,6,1,1,9,1506.0,0.24236387782204513,2K Games,0.828,3061.0,1
65.0,1,2017,7,1,2,20,1636.6,0.22302334107295615,Team17 Digital,0.65,1564.0,205
84.0,1,2017,11,1,1,2,1426.5,0.25587101296880477,Koei Tecmo Games,0.84,1451.0,110
66.0,1,2014,5,1,2,1,2703.0,0.13503514613392528,Krillbite Studio,0.66,2703.0,114
65.0,1,2005,11,1,2,7,1816.71,0.20091263878109328,Aspyr,0.65,5806.0,22
77.7107438016529,0,2017,2,1,1,3,1095.67,0.3331295006708224,Hi-Rez Studios,0.7771074380165289,1694.0,92
77.7107438016529,0,2018,3,1,2,2,1261.0,0.2894528152260111,Irregular,0.7771074380165289,1290.0,102
87.0,1,2013,8,1,2,9,1811.0,0.20154610712313636,Paradox Interactive,0.87,2971.0,151
77.7107438016529,0,2015,10,1,4,1,2187.0,0.16689529035208048,MidBoss,0.7771074380165289,2187.0,127
71.0,1,2015,2,1,2,20,1636.6,0.22302334107295615,Team17 Digital,0.71,2415.0,205
61.0,1,2016,1,2,1,1,2076.0,0.1758188824662813,Choice Provisions,0.61,2076.0,39
48.0,0,2018,9,1,2,3,820.0,0.4451219512195122,Kongregate,0.48,1095.0,113
66.0,1,2015,9,1,2,20,1636.6,0.22302334107295615,Team17 Digital,0.66,2197.0,205
84.0,1,2017,11,1,1,2,1426.5,0.25587101296880477,Koei Tecmo Games,0.84,1402.0,110
75.29,0,2018,5,2,2,20,1636.6,0.22302334107295615,Team17 Digital,0.7529,1193.0,205
70.0,1,2019,7,1,2,20,1636.6,0.22302334107295615,Team17 Digital,0.7,765.0,205
73.0,1,2020,5,1,2,12,1971.5,0.18513821962972357,Deep Silver,0.73,461.0,48
73.0,1,2017,3,1,2,20,1636.6,0.22302334107295615,Team17 Digital,0.73,1602.0,205
78.0,1,2019,5,2,1,2,747.0,0.4886211512717537,Humble Games,0.78,814.0,96
72.0,1,2015,10,2,1,2,1732.0,0.21073903002309471,Double Damage Games,0.72,2124.0,53
78.0,1,2018,4,2,13,13,812.15,0.4494243674198116,Devolver Digital,0.78,1221.0,50
82.0,1,2019,5,1,2,9,1143.89,0.3190866254622385,Focus Home Interactive,0.82,815.0,70
77.7107438016529,0,2020,8,1,1,1,343.0,1.064139941690962,Dovetail Games - TSW,0.7771074380165289,343.0,55
76.0,1,2018,7,2,2,3,1502.67,0.24290096960743207,Versus Evil,0.76,1109.0,234
70.0,1,2015,4,3,2,2,1765.5,0.20674030019824413,M2H,0.7,2277.0,117
81.0,1,2008,12,1,1,2,4502.0,0.08107507774322524,Hidden Path Entertainment,0.81,4609.0,93
76.0,1,2016,8,1,1,1,1787.0,0.204252937884723,Cyan Worlds,0.76,1787.0,45
78.0,1,2016,4,1,1,4,1957.5,0.18646232439335886,Stardock Entertainment,0.78,1905.0,192
75.0,1,2015,3,1,1,4,1994.75,0.18298032334879055,Ripstone,0.75,2296.0,168
72.0,1,2020,11,1,1,5,1159.6,0.3147637116246982,Headup Games,0.72,232.0,91
79.67,0,2018,7,1,2,4,1994.75,0.18298032334879055,Ripstone,0.7967,1087.0,168
85.0,1,2017,8,1,4,6,1470.17,0.24827060816096094,SEGA,0.85,1409.0,172
78.0,1,2018,5,2,1,3,1542.33,0.23665493117555908,AQUIRIS,0.78,1136.0,6
82.0,1,2018,8,1,2,20,1636.6,0.22302334107295615,Team17 Digital,0.82,1046.0,205
48.0,0,2019,4,1,1,3,820.0,0.4451219512195122,Kongregate,0.48,791.0,113
84.0,1,2019,8,1,2,10,1408.7,0.25910413856747355,505 Games,0.84,653.0,3
85.0,1,2018,4,1,1,3,1091.0,0.33455545371219064,11 bit studios,0.85,1136.0,0
82.0,1,2018,7,1,1,1,1037.0,0.351976856316297,Innersloth,0.82,1037.0,100
72.0,1,2020,9,1,2,9,1506.0,0.24236387782204513,2K Games,0.72,258.0,1
77.7107438016529,0,2017,7,1,2,1,1401.0,0.2605281941470378,Mi'pu'mi Games,0.7771074380165289,1401.0,124
48.0,1,2019,10,1,1,3,820.0,0.4451219512195122,Kongregate,0.48,574.0,113
77.7107438016529,0,2017,9,1,1,4,2171.75,0.1680672268907563,Codename Entertainment,0.7771074380165289,1330.0,42
81.0,1,2017,11,1,1,1,1263.0,0.2889944576405384,Defiant Development,0.81,1263.0,49
81.0,1,2014,10,2,3,6,1470.17,0.24827060816096094,SEGA,0.81,2391.0,172
71.0,0,2017,9,3,2,2,1460.0,0.25,GHI Media,0.71,1310.0,79
79.0,1,2017,8,1,1,13,1162.0,0.31411359724612736,Daedalic Entertainment,0.79,1339.0,46
78.5,0,2014,6,1,1,13,1162.0,0.31411359724612736,Daedalic Entertainment,0.785,2508.0,46
79.0,0,2021,4,1,1,2,0.0,0.5,Terrible Posture Games,0.79,0.0,209
77.7107438016529,0,2018,11,3,3,1,860.0,0.42441860465116277,Thermite Games,0.7771074380165289,860.0,218
77.7107438016529,0,2019,9,1,1,1,567.0,0.6437389770723104,Flight School Studio,0.7771074380165289,567.0,69
76.0,1,2014,5,3,2,1,2485.0,0.14688128772635814,Over The Moon,0.76,2485.0,149
75.0,1,2018,3,1,2,9,1811.0,0.20154610712313636,Paradox Interactive,0.75,1093.0,151
78.0,1,2014,4,1,1,9,1143.89,0.3190866254622385,Focus Home Interactive,0.78,2513.0,70
81.0,1,2015,2,1,1,2,2352.5,0.15515409139213604,Failbetter Games,0.81,2212.0,64
71.0,1,2019,5,1,6,19,3934.05,0.0927797053926615,Bethesda Softworks,0.71,646.0,29
66.0,1,2015,7,2,3,1,2036.0,0.17927308447937132,Noodlecake Studios,0.66,2036.0,145
71.0,1,2016,9,4,1,2,1460.0,0.25,GHI Media,0.71,1610.0,79
76.0,1,2014,8,3,3,12,1971.5,0.18513821962972357,Deep Silver,0.76,2355.0,48
78.0,1,2018,4,2,2,5,770.8,0.47353399065905555,Curve Digital,0.78,1022.0,44
75.0,1,2018,2,1,2,8,1109.0,0.3291253381424707,Raw Fury,0.75,1087.0,164
81.0,1,2015,5,1,1,4,1957.5,0.18646232439335886,Stardock Entertainment,0.81,2080.0,192
74.0,1,2017,11,1,1,9,2235.33,0.16328685250052566,Electronic Arts,0.74,1154.0,59
80.33,0,2018,9,2,2,4,1498.25,0.24361755381278158,Humble Bundle,0.8033,846.0,95
71.0,1,2018,6,1,1,4,1105.75,0.33009269726430024,Frontier Developments,0.71,933.0,74
88.0,1,2012,9,3,2,4,1772.25,0.20595288475102272,Perfect World Entertainment,0.88,3023.0,154
77.7107438016529,0,2016,5,1,1,1,1673.0,0.2181709503885236,Righteous Hammer Games,0.7771074380165289,1673.0,167
65.0,1,2015,1,1,2,1,2166.0,0.16851338873499538,Beam Team,0.65,2166.0,27
88.0,1,2017,2,1,4,2,1221.5,0.29881293491608674,Finji,0.88,1405.0,67
73.0,1,2019,1,3,3,20,1636.6,0.22302334107295615,Team17 Digital,0.73,712.0,205
84.0,1,2016,1,1,1,1,1803.0,0.2024403771491958,Red Hook Studios,0.84,1803.0,165
87.0,1,2016,6,1,1,2,1398.5,0.2609939220593493,Playdead,0.87,1640.0,158
75.0,1,2014,5,1,2,4,1482.0,0.24628879892037783,Kalypso Media,0.75,2407.0,106
88.0,1,2014,8,3,3,12,1971.5,0.18513821962972357,Deep Silver,0.88,2311.0,48
81.0,1,2014,10,2,3,6,1470.17,0.24827060816096094,SEGA,0.81,2269.0,172
81.0,1,2008,12,1,1,2,4502.0,0.08107507774322524,Hidden Path Entertainment,0.81,4395.0,93
76.0,1,2014,9,1,1,1,2280.0,0.1600877192982456,Hinterland Studio,0.76,2280.0,94
87.0,1,2014,7,1,3,1,2341.0,0.15591627509611278,Oddworld Inhabitants,0.87,2341.0,148
85.0,1,2015,3,1,1,9,1811.0,0.20154610712313636,Paradox Interactive,0.85,2109.0,151
82.33,0,2017,11,1,1,9,1811.0,0.20154610712313636,Paradox Interactive,0.8233,1122.0,151
82.33,0,2016,11,1,1,9,1811.0,0.20154610712313636,Paradox Interactive,0.8233,1491.0,151
83.0,1,2010,3,1,2,4,2920.5,0.12497859955487074,Nicalis,0.83,3909.0,140
72.0,1,2018,10,1,2,9,1143.89,0.3190866254622385,Focus Home Interactive,0.72,757.0,70
80.0,1,2015,4,1,1,4,1105.75,0.33009269726430024,Frontier Developments,0.8,2058.0,74
77.7107438016529,0,2019,4,1,1,1,569.0,0.6414762741652021,VIZ Media,0.7771074380165289,569.0,232
69.0,0,2019,2,1,1,5,1159.6,0.3147637116246982,Headup Games,0.69,638.0,91
74.0,1,2017,10,1,2,4,1482.0,0.24628879892037783,Kalypso Media,0.74,1120.0,106
65.0,1,2019,8,2,1,2,469.5,0.777422790202343,Bloober Team,0.65,426.0,32
68.0,1,2019,10,2,1,7,569.86,0.640508194995262,Saber Interactive,0.68,391.0,175
68.0,1,2019,5,2,2,2,469.5,0.777422790202343,Bloober Team,0.68,513.0,32
68.0,1,2014,10,2,2,2,2601.0,0.14033064206074586,Majesco Entertainment,0.68,2208.0,118
80.0,1,2015,10,1,3,8,1109.0,0.3291253381424707,Raw Fury,0.8,1821.0,164
72.0,1,2013,9,1,1,4,2041.0,0.1788339049485546,Frictional Games,0.72,2593.0,73
81.0,1,2017,5,2,2,5,1468.8,0.24850217864923746,Tripwire Interactive,0.81,1227.0,225
83.0,1,2016,8,1,1,10,1408.7,0.25910413856747355,505 Games,0.83,1528.0,3
75.0,1,2019,1,1,5,13,812.15,0.4494243674198116,Devolver Digital,0.75,637.0,50
72.0,1,2020,9,2,2,7,1816.71,0.20091263878109328,Aspyr,0.72,0.0,22
79.0,1,2016,11,1,1,6,1566.83,0.23295443666511365,Ubisoft Entertainment,0.79,1389.0,228
83.0,1,2013,11,2,2,4,1994.75,0.18298032334879055,Ripstone,0.83,2494.0,168
84.0,1,2019,11,1,1,6,1470.17,0.24827060816096094,SEGA,0.84,311.0,172
76.0,1,2018,1,1,2,4,1482.0,0.24628879892037783,Kalypso Media,0.76,959.0,106
77.7107438016529,0,2018,2,2,2,1,925.0,0.3945945945945946,Good Shepherd Entertainment,0.7771074380165289,925.0,85
90.0,1,2018,2,1,1,3,1413.33,0.25825532607388224,Subset Games,0.9,920.0,194
77.7107438016529,0,2015,8,1,1,1,1834.0,0.1990185387131952,Harebrained Holdings,0.7771074380165289,1834.0,89
83.0,1,2016,3,3,3,10,1992.0,0.18323293172690763,Square Enix,0.83,1630.0,191
75.0,1,2019,4,1,2,2,1741.0,0.2096496266513498,Techland Publishing,0.75,490.0,206
84.0,1,2016,4,1,1,13,812.15,0.4494243674198116,Devolver Digital,0.84,1599.0,50
76.0,1,2019,8,1,2,4,1772.25,0.20595288475102272,Perfect World Entertainment,0.76,359.0,154
77.7107438016529,0,2020,8,1,2,1,0.0,0.5,Snowman,0.7771074380165289,0.0,186
88.0,0,2017,10,2,2,2,1221.5,0.29881293491608674,Finji,0.88,1038.0,67
79.0,1,2020,8,1,1,2,0.0,0.5,Terrible Posture Games,0.79,0.0,209
77.7107438016529,0,2014,11,2,2,1,2074.0,0.1759884281581485,Batterystaple Games,0.7771074380165289,2074.0,26
77.7107438016529,0,2011,3,1,4,1,3416.0,0.10685011709601874,Capybara Games,0.7771074380165289,3416.0,38
77.7107438016529,0,2015,6,1,1,1,1864.0,0.1958154506437768,Turning Wheel,0.7771074380165289,1864.0,227
74.4,0,2018,1,1,2,7,1816.71,0.20091263878109328,Aspyr,0.7440000000000001,924.0,22
78.0,1,2017,8,1,1,1,1087.0,0.3357865685372585,The Fullbright Company,0.78,1087.0,213
88.0,1,2012,9,3,2,4,1772.25,0.20595288475102272,Perfect World Entertainment,0.88,2856.0,154
59.0,1,2014,6,2,1,3,2199.33,0.16595963316100812,Serenity Forge,0.59,2225.0,179
75.0,1,2016,11,2,1,5,1468.8,0.24850217864923746,Tripwire Interactive,0.75,1329.0,225
74.0,1,2017,8,1,2,20,1636.6,0.22302334107295615,Team17 Digital,0.74,1053.0,205
79.0,1,2016,8,2,4,5,770.8,0.47353399065905555,Curve Digital,0.79,1402.0,44
77.7107438016529,0,2019,7,2,4,1,358.0,1.0195530726256983,Netflix,0.7771074380165289,358.0,138
71.0,1,2017,10,1,2,13,1162.0,0.31411359724612736,Daedalic Entertainment,0.71,974.0,46
68.0,1,2019,4,1,1,1,434.0,0.8410138248847926,Chucklefish,0.68,434.0,40
70.0,1,2015,6,3,5,2,2252.5,0.16204217536071033,Studio Wildcard,0.7,1836.0,193
76.0,1,2020,6,1,1,1,0.0,0.5,SNK,0.76,0.0,173
81.0,1,2016,8,1,2,20,1636.6,0.22302334107295615,Team17 Digital,0.81,1403.0,205
73.0,1,2020,4,1,2,13,812.15,0.4494243674198116,Devolver Digital,0.73,50.0,50
82.8,0,2015,3,2,3,9,1506.0,0.24236387782204513,2K Games,0.828,1892.0,1
88.0,1,2016,10,2,2,9,1506.0,0.24236387782204513,2K Games,0.88,1309.0,1
92.0,1,2013,9,1,2,1,2431.0,0.15014397367338544,Rockstar Games,0.92,2431.0,170
77.7107438016529,0,2018,3,3,4,1,785.0,0.464968152866242,Zodiac Interactive,0.7771074380165289,785.0,246
78.0,1,2016,1,1,1,1,1562.0,0.23367477592829702,Butterscotch Shenanigans,0.78,1562.0,35
85.0,1,2010,9,1,1,4,2041.0,0.1788339049485546,Frictional Games,0.85,3522.0,73
78.0,1,2018,4,2,2,5,770.8,0.47353399065905555,Curve Digital,0.78,735.0,44
63.0,1,2016,9,2,2,2,652.0,0.5598159509202454,Santa Ragione,0.63,1304.0,176
68.0,1,2018,12,1,2,10,1992.0,0.18323293172690763,Square Enix,0.68,499.0,191
66.0,1,2019,5,1,1,3,794.0,0.45969773299748107,Wired Productions,0.66,343.0,242
77.0,1,2014,9,2,1,9,1143.89,0.3190866254622385,Focus Home Interactive,0.77,2018.0,70
74.0,1,2016,6,1,1,1,1382.0,0.26410998552821996,Jackbox Games,0.74,1382.0,103
86.0,1,2013,8,3,1,2,1525.5,0.23926581448705342,Annapurna Interactive,0.86,2423.0,15
77.7107438016529,0,2017,9,1,1,1,920.0,0.39673913043478265,Runic Games,0.7771074380165289,920.0,171
56.0,1,2020,4,1,1,2,427.0,0.8548009367681499,tinyBuild,0.56,0.0,250
70.0,1,2019,4,1,1,9,1143.89,0.3190866254622385,Focus Home Interactive,0.7,345.0,70
76.71,0,2017,6,1,2,8,1109.0,0.3291253381424707,Raw Fury,0.7670999999999999,1028.0,164
77.7107438016529,0,2017,9,2,1,1,917.0,0.3980370774263904,4EversGames,0.7771074380165289,917.0,2
88.0,1,2013,10,1,1,1,2345.0,0.1556503198294243,Galactic Cafe,0.88,2345.0,80
77.0,1,2014,5,1,2,6,1566.83,0.23295443666511365,Ubisoft Entertainment,0.77,2123.0,228
77.7107438016529,0,2019,9,3,1,5,714.0,0.511204481792717,Akupara Games,0.7771074380165289,175.0,10
84.0,1,2019,7,1,1,1,227.0,1.6079295154185023,adamgryu,0.84,227.0,247
77.7107438016529,0,2019,8,1,3,1,213.0,1.7136150234741783,Analgesic Productions,0.7771074380165289,213.0,14
81.0,1,2016,10,1,1,8,1109.0,0.3291253381424707,Raw Fury,0.81,1240.0,164
78.0,1,2016,4,1,1,4,1957.5,0.18646232439335886,Stardock Entertainment,0.78,1408.0,192
74.4,0,2018,1,1,2,7,1816.71,0.20091263878109328,Aspyr,0.7440000000000001,772.0,22
74.0,1,2015,10,1,3,6,1566.83,0.23295443666511365,Ubisoft Entertainment,0.74,1581.0,228
80.0,1,2017,3,2,2,3,1502.67,0.24290096960743207,Versus Evil,0.8,1079.0,234
81.0,1,2017,8,1,1,1,926.0,0.3941684665226782,Team Colorblind,0.81,926.0,204
71.0,1,2018,2,1,2,2,1622.0,0.2250308261405672,Warhorse Studios,0.71,730.0,239
63.0,1,2010,6,2,4,4,1655.0,0.22054380664652568,Asmodee Digital,0.63,3534.0,21
91.0,1,2009,12,4,5,10,2989.5,0.12209399565144673,Microsoft Studios,0.91,3702.0,126
74.38,0,2018,11,1,2,9,1143.89,0.3190866254622385,Focus Home Interactive,0.7437999999999999,437.0,70
74.0,1,2013,2,2,3,2,3283.0,0.11117879987816022,Midnight City,0.74,2527.0,128
82.0,1,2019,7,1,2,10,1408.7,0.25910413856747355,505 Games,0.82,183.0,3
83.0,1,2012,8,1,2,1,2696.0,0.13538575667655786,THQ,0.83,2696.0,200
83.0,1,2010,1,2,2,2,3462.5,0.10541516245487365,THQ Nordic,0.83,3626.0,201
72.0,1,2016,12,1,4,6,1566.83,0.23295443666511365,Ubisoft Entertainment,0.72,1125.0,228
82.0,1,2019,10,1,2,20,1636.6,0.22302334107295615,Team17 Digital,0.82,85.0,205
40.0,1,2017,8,1,2,2,427.0,0.8548009367681499,tinyBuild,0.4,854.0,250
85.0,1,2014,12,3,2,13,812.15,0.4494243674198116,Devolver Digital,0.85,1844.0,50
85.0,1,2016,12,1,2,13,1162.0,0.31411359724612736,Daedalic Entertainment,0.85,1118.0,46
84.0,1,2016,3,2,2,2,1300.0,0.28076923076923077,Abylight,0.84,1367.0,7
84.0,1,2012,9,1,1,3,1413.33,0.25825532607388224,Subset Games,0.84,2659.0,194
91.0,1,2018,1,1,3,3,1216.0,0.3001644736842105,Matt Makes Games,0.91,698.0,120
84.0,1,2019,2,1,3,13,812.15,0.4494243674198116,Devolver Digital,0.84,298.0,50
68.0,1,2012,11,2,2,4,2431.25,0.15012853470437018,Tomorrow,0.68,2591.0,223
82.0,1,2016,2,2,2,1,1396.0,0.26146131805157596,SUPERHOT Team,0.82,1396.0,174
87.0,1,2013,6,1,2,3,1216.0,0.3001644736842105,Matt Makes Games,0.87,2369.0,120
90.0,1,2018,2,1,1,3,1413.33,0.25825532607388224,Subset Games,0.9,661.0,194
71.0,1,2015,2,1,2,20,1636.6,0.22302334107295615,Team17 Digital,0.71,1764.0,205
82.0,1,2013,10,1,1,2,1891.0,0.19301956636700157,Telltale Games,0.82,2254.0,207
79.0,1,2015,9,1,2,2,1973.0,0.1849974657881399,Thunder Lotus Games,0.79,1529.0,221
89.0,1,2013,8,1,2,6,1566.83,0.23295443666511365,Ubisoft Entertainment,0.89,2283.0,228
70.0,1,2016,11,1,2,8,1109.0,0.3291253381424707,Raw Fury,0.7,1100.0,164
84.0,1,2018,8,1,1,13,812.15,0.4494243674198116,Devolver Digital,0.84,441.0,50
77.7107438016529,0,2015,12,1,1,1,1434.0,0.2545327754532775,Vlambeer,0.7771074380165289,1434.0,236
78.0,1,2017,9,1,2,13,812.15,0.4494243674198116,Devolver Digital,0.78,772.0,50
83.0,0,2010,10,3,2,2,3462.5,0.10541516245487365,THQ Nordic,0.83,3299.0,201
84.0,1,2015,9,1,1,4,2041.0,0.1788339049485546,Frictional Games,0.84,1501.0,73
75.0,1,2018,3,2,2,1,590.0,0.6186440677966102,Trapped Nerve Games,0.75,590.0,224
72.0,1,2016,2,2,2,7,1816.71,0.20091263878109328,Aspyr,0.72,1346.0,22
77.0,1,2017,8,3,2,7,1816.71,0.20091263878109328,Aspyr,0.77,794.0,22
73.0,1,2012,2,3,1,10,2989.5,0.12209399565144673,Microsoft Studios,0.73,2794.0,126
75.0,1,2018,3,1,2,9,1811.0,0.20154610712313636,Paradox Interactive,0.75,575.0,151
78.0,1,2018,4,2,13,13,812.15,0.4494243674198116,Devolver Digital,0.78,549.0,50
76.0,1,2017,3,2,2,2,873.5,0.41785918717801945,Double Fine Productions,0.76,919.0,54
88.0,1,2014,8,3,3,12,1971.5,0.18513821962972357,Deep Silver,0.88,1858.0,48
81.0,1,2015,6,1,1,2,2221.0,0.16434038721296712,Warner Bros. Interactive,0.81,1549.0,240
94.0,1,2011,10,1,1,2,2221.0,0.16434038721296712,Warner Bros. Interactive,0.94,2893.0,240
91.0,1,2009,8,3,1,10,1992.0,0.18323293172690763,Square Enix,0.91,3677.0,191
75.0,1,2014,11,3,4,3,2811.67,0.12981608794773214,Feral Interactive,0.75,1774.0,66
75.0,1,2012,6,2,2,3,2811.67,0.12981608794773214,Feral Interactive,0.75,2648.0,66
80.0,1,2008,9,2,2,3,2811.67,0.12981608794773214,Feral Interactive,0.8,4013.0,66
73.0,1,2017,6,1,1,1,828.0,0.44082125603864736,Iceberg Interactive,0.73,828.0,99
83.0,1,2017,7,3,3,4,2920.5,0.12497859955487074,Nicalis,0.83,785.0,140
83.0,1,2016,8,1,1,10,1408.7,0.25910413856747355,505 Games,0.83,1129.0,3
91.0,1,2018,1,1,3,3,1216.0,0.3001644736842105,Matt Makes Games,0.91,581.0,120
87.0,1,2016,6,1,1,2,1398.5,0.2609939220593493,Playdead,0.87,1157.0,158
91.0,1,2012,4,4,1,10,2989.5,0.12209399565144673,Microsoft Studios,0.91,2687.0,126
84.0,1,2016,3,2,2,2,1300.0,0.28076923076923077,Abylight,0.84,1233.0,7
78.0,1,2018,12,1,3,2,685.0,0.5328467153284672,Funcom,0.78,255.0,76
76.0,1,2017,5,2,2,2,873.5,0.41785918717801945,Double Fine Productions,0.76,828.0,54
76.0,1,2017,2,1,5,6,1566.83,0.23295443666511365,Ubisoft Entertainment,0.76,900.0,228
83.0,1,2010,5,3,1,10,2989.5,0.12209399565144673,Microsoft Studios,0.83,3367.0,126
82.0,1,2018,5,1,2,3,1091.0,0.33455545371219064,11 bit studios,0.82,423.0,0
83.0,1,2014,11,1,1,3,1091.0,0.33455545371219064,11 bit studios,0.83,1714.0,0
88.0,1,2010,7,3,3,10,2989.5,0.12209399565144673,Microsoft Studios,0.88,3283.0,126
83.0,1,2009,10,4,1,10,2989.5,0.12209399565144673,Microsoft Studios,0.83,3545.0,126
81.0,1,2016,8,1,2,20,1636.6,0.22302334107295615,Team17 Digital,0.81,1067.0,205
79.0,1,2017,8,1,2,10,1408.7,0.25910413856747355,505 Games,0.79,666.0,3
72.0,1,2015,10,2,1,2,1732.0,0.21073903002309471,Double Damage Games,0.72,1340.0,53
84.0,1,2016,4,1,1,13,812.15,0.4494243674198116,Devolver Digital,0.84,1165.0,50
80.0,1,2015,10,1,3,8,1109.0,0.3291253381424707,Raw Fury,0.8,1324.0,164
77.7107438016529,0,2018,5,1,1,3,818.33,0.44603033006244425,Uppercut Games,0.7771074380165289,391.0,231
78.0,1,2017,5,3,3,1,728.0,0.5013736263736264,Tequila Works,0.78,728.0,208
81.0,1,2017,2,1,1,13,812.15,0.4494243674198116,Devolver Digital,0.81,809.0,50
90.0,1,2008,10,2,1,4,2431.25,0.15012853470437018,Tomorrow,0.9,3853.0,223
83.0,1,2014,5,1,1,1,1794.0,0.20345596432552956,Supergiant Games,0.83,1794.0,195
87.0,1,2016,1,2,3,1,1165.0,0.3133047210300429,Thekla,0.87,1165.0,217
80.0,1,2016,1,3,2,1,1162.0,0.31411359724612736,Night School Studio,0.8,1162.0,141
81.0,1,2016,1,1,1,1,1148.0,0.31794425087108014,Monomi Park,0.81,1148.0,135
84.0,1,2017,3,1,1,1,695.0,0.5251798561151079,Terrible Toybox,0.84,695.0,210
80.0,1,2015,3,1,1,1,1409.0,0.2590489709013485,Thomas Happ Games,0.8,1409.0,219
77.0,1,2014,11,2,1,2,1891.0,0.19301956636700157,Telltale Games,0.77,1528.0,207
89.0,1,2017,4,1,2,2,1525.5,0.23926581448705342,Annapurna Interactive,0.89,628.0,15
87.0,1,2010,10,2,2,10,2989.5,0.12209399565144673,Microsoft Studios,0.87,2991.0,126
83.0,1,2018,1,1,1,1,323.0,1.130030959752322,Unknown Worlds Entertainment,0.83,323.0,230
